J10_16_24,543,6,0
J10_1_2_3_4_5_6_7_8_9,24273,395,30
J10_1_2_3_4_5_6_7_9,5279,297,17
J10_1_2_3_8_9,25476,189,0
J10_1_2_9,92424,3269,533
J10_1_3_5_8_9,2060,57,21
J10_1_3_5_9,102123,455,37
J10_1_3_6_9_11,8838,6162,2635
J10_1_3_9,2820668,2181,210
J10_1_6_9,925,18,2
J10_1_7_9,4137,27,5
J10_1_9,88023,2054,987
J10_2_3_4_5_6_7_8_9,9330,64,9
J10_2_3_8_9,77831,798,89
J10_2_3_9,19581,1287,13
J10_2_4_6_7_9,19655,143,4
J10_2_4_9,1321,132,11
J10_2_5_6_9,1546,159,10
J10_2_5_8_9,25601,1111,70
J10_2_7_9,642,45,6
J10_2_9,5101936,8737,1628
J10_3_4_5_6_7_8_9,38686,383,3
J10_3_4_9,184754,2183,622
J10_3_6_7_8_9_12_13_16_17,11892,498,48
J10_3_6_9,5911123,53100,16496
J10_3_7_9,1225,17,3
J10_3_9,2345498,3562,391
J10_4_6_8_9,19839,417,117
J10_4_6_9,96448,487,42
J10_4_9,15566,313,11
J10_5_6_7_8_9,1008,189,63
J10_5_7_8_9,1519,13,0
J10_5_9,79207,6689,492
J10_6_7_9,1431,110,55
J10_6_8_9,760,298,2
J10_6_9,67828,2853,960
J10_7_8_9,112165,504,85
J10_7_9,25368,2367,306
J10_8_9,1588659,5486,295
J10_9_11,47068,562,1
J11_10_13,778,15,6
J11_10_58,6812,3001,996
J11_1_10,144092,5783,821
J11_1_2_10,855,21,1
J11_1_2_3_4_5_10,608,17,0
J11_1_2_3_4_5_6_7_8_9_10,25834,447,22
J11_1_2_6_10,19724,3333,392
J11_1_7_9_10,9420,1388,60
J11_2_10,18247,678,323
J11_2_10_14,561,6,0
J11_2_3_4_10,6702,47,0
J11_2_3_8_10,3967,5555,3939
J11_2_4_10,1565,305,99
J11_2_4_5_10,50374,1117,102
J11_2_4_5_6_8_9_10,51204,275,0
J11_2_5_7_9_10,15749,326,17
J11_2_6_10,12464,155,3
J11_2_6_8_10,54828,451,107
J11_2_7_10,1797,126,23
J11_2_9_10,6488,282,116
J11_3_10,30304,7010,1456
J11_3_5_10,4770,531,61
J11_3_5_6_10,175183,1854,626
J11_3_8_10,8595,178,17
J11_3_9_10,105310,789,485
J11_4_10,1826,144,13
J11_4_6_7_8_9_10,909242,2721,155
J11_4_9_10_12,10824,530,68
J11_5_10,129665,1949,425
J11_6_10,2221,138,48
J11_6_7_8_10,18455,499,44
J11_7_10,60305,2351,204
J11_7_8_10,37313,578,29
J11_7_9_10,2640,280,8
J11_8_10,13050,1593,170
J11_8_9_10,761,104,6
J11_9_10,55007,1733,435
J12_10_11,135474,1696,751
J12_10_11_25,5741,235,9
J12_11_15,685,57,0
J12_1_11,72446,2624,317
J12_1_2_3_4_5_6_11,931,56,1
J12_1_2_3_4_5_6_7_8_9_10_11,3022,31,5
J12_1_2_8_11,2470,250,83
J12_1_5_11,1626,24,1
J12_2_11,76837,6144,1545
J12_2_3_11,853,705,37
J12_2_3_4_5_6_7_11,545391,91,2
J12_2_4_6_8_10_11,94281,3113,413
J12_2_6_11,17446,143,0
J12_3_4_11,10921,327,140
J12_4_11,129208,2190,435
J12_4_5_11,7950,390,24
J12_4_5_6_7_8_9_10_11,611,81,0
J12_5_11,16611,1314,166
J12_5_6_7_8_9_10_11,716329,1111,152
J12_6_10_11,14830,1962,512
J12_6_11,18819,428,278
J12_6_8_9_11,1610,264,30
J12_6_9_11,1007,1111,47
J12_7_11,1272,17,5
J12_8_10_11,99486,379,119
J12_8_11,4426,219,82
J12_9_10_11,167754,1797,685
J12_9_11,76973,912,212
J12_9_11_14,725,149,2
J13_10_12,8592,1001,138
J13_11_12,271292,3859,1311
J13_12_18,17589,1152,174
J13_12_21,11818,260,9
J13_1_11_12,650,126,20
J13_1_12,15439,641,163
J13_1_2_3_4_5_7_9_10_11_12,76262,1111,62
J13_1_3_12,2558,312,29
J13_1_3_6_7_8_9_10_11_12,49729,1111,34
J13_1_4_5_6_7_10_11_12,5167,308,77
J13_2_12,3217665,2639,390
J13_2_3_12,185939,2460,615
J13_2_4_10_12,37564,89,0
J13_2_4_6_7_8_9_10_11_12,16992,494,9
J13_2_6_12,1855,165,0
J13_2_7_11_12,697,46,0
J13_2_7_8_10_12,1600,1111,481
J13_2_8_11_12,42388,1380,162
J13_3_4_5_6_7_8_12,53317,339,10
J13_3_5_7_12,9354,2194,55
J13_3_6_8_12,963,56,5
J13_4_12,933,67,17
J13_4_5_6_10_12,74898,591,174
J13_5_12,18801,347,87
J13_6_7_8_12,21024,171,3
J13_6_8_11_12,3024,166,51
J13_6_9_10,1223,33,1
J13_7_12,27032,960,171
J13_7_16_24,561,6,0
J13_7_8_12,147777,774,126
J13_7_9_11_12,1594,27,0
J13_7_9_12,2513,1853,372
J13_8_12,31194,425,46
J13_9_11_12,741,13,0
J13_9_12,683,33,10
J14_10_12_13,3288,195,7
J14_11_12_13,164026,1409,481
J14_11_13,121852,2610,935
J14_12_13,51071,2538,625
J14_13,43490,556,31
J14_13_21,1316,124,16
J14_13_22,143844,4212,699
J14_1_13,58085,749,381
J14_1_2_3_4_13,3474,126,34
J14_1_2_3_4_5_6_7_8_9_10_11_12_13,102190,771,2
J14_1_2_9_13,4421,556,51
J14_1_3_4_13,44125,117,0
J14_1_3_5_7_10_13_15_16_20,2161,45,0
J14_1_6_13,882,61,0
J14_21_22,26012,448,98
J14_2_13,1128682,1851,210
J14_2_3_13,1623,1111,509
J14_2_3_4_13,19585,341,18
J14_2_4_6_7_8_9_10_13,5608,49,1
J14_2_6_13,8251,5555,2550
J14_3_13,2438,16,7
J14_3_4_13,23125,369,123
J14_4_13,17237,1840,343
J14_4_5_6_7_13,69975,43329,22168
J14_4_6_13,1431,49,3
J14_4_7_10_13,23992,747,0
J14_5_11_13,669,54,0
J14_5_13,17342,1422,378
J14_5_7_10_12_13,2023,11,0
J14_6_12_13,1838,17,6
J14_6_13,236355,1018,434
J14_6_9_10,2550,124,33
J14_7_12_13,147763,429,33
J14_7_13,1748,48,16
J14_8_10_13,1667,300,77
J14_9_10_12_13,5489,378,0
J14_9_13,5046,536,72
J15_10_11_12_13_14,23887,327,29
J15_10_14,9131,337,191
J15_11_13_14,11632,761,35
J15_11_14,27506,1432,444
J15_12_13_14,2255,45,3
J15_12_14,7196,59,8
J15_13_14,11738,543,148
J15_14_17_19,4103,45,0
J15_1_12_14,23215,319,26
J15_1_14,769758,2141,908
J15_1_2_3_4_5_6_7_8_9_10_11_12_13_14,3776,116,11
J15_1_3_5_14,7159,88,28
J15_1_4_5_11_12_14,1013,247,1
J15_1_5_9_12_14,14230,1074,196
J15_2_14,2455,90,9
J15_2_3_14,1781,43,4
J15_2_4_14,7152,423,0
J15_2_4_5_14,28632,369,123
J15_2_4_8_14,3859,2222,48
J15_3_12_14,42768,414,69
J15_3_14,2572,13,0
J15_3_4_14,20202,1574,393
J15_3_5_7_14,5938,1097,84
J15_3_7_13_14,972,62,0
J15_4_11_12_13_14,1155,165,0
J15_4_14,4187,186,22
J15_4_5_14,138973,1132,605
J15_4_8_14,647,2,0
J15_5_14,1888,31,0
J15_5_6_8_10_11_12_13_14,9004,594,297
J15_5_8_10_11_14,73129,1588,480
J15_6_14,92749,1497,465
J15_7_14,18773,561,2
J15_7_8_9_12_13_14,48233,315,8
J15_9_10_13_14,7040,71,4
J16_10_11_15,5714,49,0
J16_10_15,1400788,4097,1823
J16_11_15,39318,5,1
J16_13_14_15,6936,419,33
J16_14_15,26655,1585,263
J16_15_25,8867,486,60
J16_15_45,1430,833,84
J16_1_15,3660,113,7
J16_1_2_15,51535,641,39
J16_1_2_3_15,2178,29,0
J16_2_15,8734,351,37
J16_2_3_15,21080,184,17
J16_2_3_5_9_15,659,96,2
J16_2_4_8_15,4156,2222,138
J16_3_15,5902,302,135
J16_3_4_7_14_15,8579,2036,89
J16_3_5_7_15,5152,1111,101
J16_3_6_7_13_15,6233,613,210
J16_4_5_7_10_15,808,289,0
J16_4_6_15,53481,321,11
J16_4_6_7_8_9_10_11_12_13_14_15,1458,46,5
J16_6_15,10496,614,199
J16_6_7_8_15,101364,2688,132
J16_6_8_13_14_15,143384,2283,81
J16_7_9_11_12_13_15,878,75,4
J16_8_15,10863,199,0
J16_8_9_12_15,87832,590,70
J16_8_9_15,22576,333,10
J16_9_10_11_15,14563,3333,562
J17_10_16,978,1111,11
J17_11_12_15_16,306460,36963,4259
J17_11_13_16,4140,54,2
J17_12_13_14_15_16,21967,1004,96
J17_14_16,576,29,15
J17_15_16,47734,2531,352
J17_16_25,66166,1028,92
J17_1_16,7688,246,23
J17_1_2_16,32786,321,18
J17_1_2_3_4_5_6_7_8_9_10_11_12_13_14_15_16,212098,1111,9
J17_1_3_4_5_10_15_16_19_20_21,11806,1111,134
J17_2_16,16207,486,65
J17_3_16,22899,1050,261
J17_3_5_14_16,914,59,0
J17_5_16,180932,1874,322
J17_5_6_7_16,15787,331,16
J17_5_8_9_16,86031,1448,517
J17_6_14_16,1014,1111,148
J17_7_8_9_16,1934,18,3
J17_8_14_16,1252,1111,156
J17_8_16,7112,48,0
J17_9_12_14_15_16,1170,127,3
J17_9_16,1399,135,12
J18_11_12_13_14_15_16_17,62587,347,0
J18_13_17,608,8,2
J18_16_17,1312685,2214,290
J18_17_21,1595,124,13
J18_1_17,17667,465,73
J18_1_3_17,1786,38,2
J18_1_3_5_7_8_17,9130,81,8
J18_1_4_5_6_8_11_12_15_16_17_24,7405,193,6
J18_2_3_17,7609,96,36
J18_3_5_6_17,10105,3333,1291
J18_3_6_9_17,2696,44,8
J18_3_7_14_16_17,3632,387,12
J18_6_12_15_16_17,1944,39,0
J18_8_17,1394,135,10
J18_9_17,106442,36963,3382
J19_13_16_17_18,4386,744,28
J19_14_18,19668,221,59
J19_15_16_17_18,9895,222,23
J19_15_18,11521323,35153,3623
J19_16_17_18,10567,444,72
J19_16_18,16884,15,1
J19_17_18,44684,2558,738
J19_1_18,4428,262,13
J19_1_2_3_4_18,3653,171,2
J19_1_2_3_4_5_6_7_8_18,722894,11,2
J19_1_2_3_4_5_6_7_8_9_10_11_12_13_14_15_16_17_18,38382,339,6
J19_1_3_4_5_18,21564,211,1
J19_2_11_12_17_18_23,621,9,0
J19_2_3_4_13_18_24_25_26,1415,941,472
J19_3_15_17_18,40643,4144,437
J19_3_18,573,33,11
J19_4_8_18,1789,1111,677
J19_5_16_18,1147,1111,69
J19_5_6_7_8_17_18,5537,177,4
J19_5_8_9_16_18,1447,1111,332
J19_5_9_18,2389,25,2
J19_6_11_18,3163,12,6
J19_7_10_18,668,3,0
J19_7_18,91263,37098,14205
J19_7_8_9_10_18,2679,1015,48
J19_8_9_10_18,685,28,0
J19_8_9_12,102428,862,95
J1_2_3,894,129,1
J1_2_5,3973,274,0
J1_3_4,188363,1017,144
J1_3_4_7,45924,278,0
J1_3_6,57918,552,278
J1_4_5,658,14,9
J1_4_5_14,745,25,0
J1_4_9,1918,137,0
J1_6_19,398883,36963,8261
J1_7_16,552,6,0
J20_10_11_12_18_19,1344,64,7
J20_10_12_14,1319,45,5
J20_15_19,5837,967,100
J20_18_19,8835,134,26
J20_19_22,1000,100,25
J20_1_19,132546,575,286
J20_1_2_3_4_19,7864,159,11
J20_1_2_3_4_5_19,751,3,0
J20_1_4_5_6_7_9_12_13_14_15_18_19_28,14847,390,10
J20_21_27,53990,1062,177
J20_2_19,1965,1118,7
J20_3_19,550,7,0
J20_5_19,462253,3719,1492
J20_6_10_11_12_13_14_15_16_19,1005,31,0
J20_6_19,361433,36963,7642
J20_9_12_19,9379371,44427,25893
J21_11_13_15,1414,45,6
J21_11_13_18_19_20,188056,4444,592
J21_12_13_14_20,996,449,106
J21_13_14_15_16_17_18_19_20,223552,2133,287
J21_14_20,9452,215,7
J21_17_20_23,4184,67,1
J21_1_12_15_18_20,939,39,3
J21_1_20,98288,4444,712
J21_1_2_20,1295,35,0
J21_1_2_3_4_5_6_20,19487,707,50
J21_25_28,6563,247,11
J21_3_13_18_19_20,3580,24,7
J21_6_20,6135086,32672,14149
J21_8_10_14_20,5004,1219,373
J22_11_21,2890,295,9
J22_18_20_21,6906,390,15
J22_18_21,7010,155,4
J22_1_2_3_4_5_8_9_12_15_17_19_21,1582,133,2
J22_1_3_4_6_8_11_12_21,267478,2489,476
J22_1_4_5_6_7_8_9_11_14_16_17_20_21_31,2927,217,15
J22_20_21,23490,314,0
J22_21_24,1250,52,25
J22_2_5_6_7_16_21_27_28_29_33_34_36_39_44_45_48,3020,1111,75
J22_3_5_11_18_20_21,21128,2064,345
J22_4_5_21,8543919,30012,10014
J22_4_7_10_11_12_14_16_18_21,940,15,0
J22_6_10_15_16_17_18_19_20_21,6115,305,17
J22_6_7_8_9_21,5960,123,17
J22_8_9_10_13_14_17_18_19_20_21,11516,1111,128
J23_11_17_20_21_22,1998,25,0
J23_13_14_15_21_22,944,48,4
J23_17_18_20_22,1190,195,65
J23_17_18_22,7808,90,0
J23_17_22,1740,53,4
J23_18_20_21_22,4305,783,83
J23_1_22,20094,274,34
J23_1_2_4_22,1662,63,2
J23_20_21_22,7960,103,0
J23_21_22,13564,447,109
J23_2_22,1347,112,1
J23_2_4_6_8_9_10_11_12_13_18_20_22,20832,786,88
J23_3_4_22,510,51,0
J23_3_6_9_10_11_14_21_22,12179,4110,1858
J23_7_22,2440,17,4
J23_9_22,4742,526,0
J24_10_11_15_16_17_18_19_23,4423,49,0
J24_13_22_23,517,44,11
J24_14_15_16_17_18_19_20_21_22_23,12681,791,48
J24_15_23,27734,759,0
J24_1_2_23,885,87,0
J24_20_23,87839,370,141
J24_21_22_23,14548,387,32
J24_22_23,22324,2287,308
J24_23_26,3122,39,2
J24_2_3_5_10_14_23,9276,4444,539
J24_2_4_5_9_23,614,5,0
J24_2_5_7_8_23,5339,534,1
J24_3_6_9_10_11_14_22_23,5720,2061,148
J24_5_7_10_13_14_15_22_23,53687,419,3
J24_7_13_14_15_16_17_23,2552,25,0
J24_7_23,26207,66,17
J25_16_18_24,146467,485,259
J25_1_24,6939,259,27
J25_1_2_3_4_5_7_8_24,32736,249,0
J25_20_24,23172,415,70
J25_23_24,8940,331,30
J25_2_24,47641,325,130
J25_2_5_24,29932,802,1
J25_3_6_7_8_10_13_16_17_18_20_21_22_23_24,12985,834,65
J25_3_8_11_16_19_24,513,2,0
J25_7_16_24,561,6,0
J26_11_13_25,249181,913,405
J26_12_14_15_17_18_19_21_22_24_25,83763,1111,68
J26_18_19_20_22_24_25,51244,1111,21
J26_18_19_25,20074,395,26
J26_1_2_3_25,3998,37,0
J26_1_2_4_6_8_10_12_14_22_25,24158,534,89
J26_1_6_25,4073,1,0
J26_24_25,19502,593,277
J26_2_4_5_20_23_24_25,1187,186,11
J26_9_10_11_25,1550,799,56
J27_17_26,21800,425,33
J27_1_3_4_5_7_8_10_11_13_15_26,51121,1111,75
J27_1_3_5_6_7_9_26,63076,1111,58
J27_1_3_5_7_9_15_16_26,931,49,0
J27_20_23_26,19921,245,18
J27_21_22_26,51369,1026,171
J27_23_24_26,15356,371,23
J27_25_26,253731,1675,1109
J27_2_4_6_21_24_25_26,18990,2976,238
J27_6_8_26,292751,945,519
J27_7_26,1420,17,3
J28_11_13_14_16_22_23_27,32238,401,37
J28_11_17_26_27,1058,92,23
J28_17_19_20_27,8781,370,3
J28_25_27,25185,149,60
J28_26_27,818,34,3
J28_2_3_5_7_9_10_12_13_15_16_18_19_21_27,365615,1111,32
J28_2_4_6_7_9_10_11_13_14_16_18_20_22_27,485850,1111,53
J28_3_4_5_7_9_11_12_14_16_17_19_20_22_24_26_27,68148,1111,51
J28_4_27,310755,932,537
J28_7_10_13_15_18_19_24_27,40828,285,10
J28_9_20_25_27,9795,243,9
J29_10_12_13_14_15_16_18_19_21_23_25_27_28,67956,1111,52
J29_14_28,11744,386,0
J29_15_19_28,815,12,0
J29_15_20_28,820,12,0
J29_1_2_4_5_6_10_11_12_13_14_15_22_23_24_25_28,20122,582,291
J29_1_3_28,1299,51,2
J29_3_8_11_16_21_28,676,2,0
J29_4_5_7_28,18759,407,27
J29_6_28,31766,247,11
J2_1,601165,2862,93
J2_1_11,1177,61,0
J2_1_12,804,68,11
J2_1_13,12517,981,50
J2_1_14,2739,303,98
J2_1_16,3088,236,12
J2_1_21,832,11,0
J2_1_3,85772,4486,519
J2_1_3_4,26838,699,6
J2_1_4,54085,26828,3099
J2_1_5,21733,420,200
J2_1_6,107586,1445,281
J2_1_7,22024,2002,17
J2_1_8,798,202,78
J2_3_4,4932,18,9
J2_4_5,12663,62,31
J2_4_7,40942,418,139
J2_4_8,3295,38,1
J2_5_6,2391,45,2
J2_7_16,552,6,0
J30_11_12_13_14_15_16_17_18_19_20_21_22_29,14763,455,46
J30_1_2_5_24_29,19646,155,5
J30_26_33,1268,135,4
J30_2_4_6_8_24_27_28_29,4707,744,21
J30_2_5_13_29,12651,402,0
J30_4_9_12_17_22_29,4466,46,3
J30_5_7_29,36192,1111,63
J30_7_8_12_15_16_19_20_21_22_23_24_25_28_29,100368,505,16
J31_1_30,11449,621,44
J31_22_30,1175,100,0
J31_26_30,1563,161,17
J31_29_30,22906,932,119
J31_2_30,21145,371,20
J31_5_30,61534,325,21
J32_1_31,47640,339,20
J32_6_7_8_9_10_11_12_13_14_15_16_17_18_19_20_21_22,610133,929,48
J32_7_8_9_31,1329,63,3
J33_4_32,277394,604,53
J34_1_33,6404,247,16
J34_2_3_5_7_8_9_10_11_12_15_17_20_22_23_24_25_26_3,7058,223,13
J34_31_33,1712,47,5
J34_3_33,68834,200,24
J35_18_34,2586,53,10
J35_28_34,2716,39,0
J35_8_11_16_32_34_45,643,235,15
J36_4_9_13_23_35,1081,47,0
J37_20_36,5473,108,19
J37_2_36,1129,49,0
J37_35_36,19676,774,63
J37_3_30_31_33_36_42_43_46,1544,1111,431
J38_11_14_19_35_37_47,638,235,17
J38_37_51,2242,53,6
J3_1,802,12,0
J3_1_2,40571989,111588,10668
J3_1_2_6_11,5762,665,266
J3_1_2_6_8_10_14,1148,44,3
J3_2,85730,631,302
J3_2_12,909,52,2
J3_2_4,28671,980,246
J3_2_4_5,1931,367,10
J3_2_5,39028,395,0
J3_2_5_6,612,397,215
J3_2_6,3300,400,139
J3_2_7,1317,160,27
J3_2_8,40937,443,53
J3_2_9,525,14,0
J3_2_9_10,1739,55,0
J3_4_5,46187,489,50
J3_7_9,2882,891,209
J3_8_9,3765,46,0
J40_22_39,1133,35,10
J40_33_34_38_39,8345,1155,197
J40_8_10_13_15_39,2099,767,27
J41_11_13_39_40_44_45_66_69_74,7308,478,26
J41_25_28_31_32_40,2292,2331,76
J41_39_40,500,32,5
J41_3_4_5_6_40,1425,771,17
J42_11_14_18_21_32_41,2965,2361,604
J42_9_11_13_14_18_41,1485,1111,370
J43_27_28_32_33_34_35_36_37_38_41_42,7636,780,85
J43_8_42,1941,84,5
J44_1_2_43,1022,8,1
J44_20_23_25_26_43,2422,2361,146
J45_7_9_11_13_16_26_44,3269,2391,813
J46_5_45,1952,84,7
J49_50_61,2202,59,1
J4_1_2,792,299,12
J4_1_2_3,1617418,21717,5654
J4_1_3,1654290,30527,6139
J4_2_3,1827223,23834,6222
J4_2_3_10,27998,342,11
J4_2_3_12,40915,281,1
J4_2_3_6,100003,702,351
J4_3,220917,2327,871
J4_3_11,38748,1111,116
J4_3_13,5022,255,0
J4_3_17,4048,55,17
J4_3_5,60533,551,33
J4_3_6,34096,195,143
J4_3_7,5010,265,7
J4_3_7_8,331656,1112,153
J4_3_9,21528,477,107
J51_49_50,1244,27,0
J52_50_51,3347,281,28
J53_49_52,1324,87,7
J54_51_53,3433,105,12
J55_15_24_28_36_43_54,978,25,1
J59_57_58,33163,3001,427
J5_1_2,5777,51,0
J5_1_2_3_4,5873244,65143,9504
J5_1_2_4,1263886,12224,2527
J5_1_3_4,40623,805,313
J5_1_4,10122269,27078,7424
J5_2_3_4,3654275,17124,3355
J5_2_3_4_6,515,9,0
J5_2_3_4_7_10,16512,1360,71
J5_2_4,2747459,43329,3995
J5_2_4_11,650,195,65
J5_2_4_6,39595,478,1
J5_2_6,917,4,0
J5_3_4,6934771,27484,7318
J5_3_4_15,10912,16,0
J5_3_4_8,1567,21,1
J5_4,774516,2695,134
J5_4_10,644,186,8
J5_4_12,721,51,1
J5_4_15,10029,135,0
J5_4_21,25288,400,155
J5_4_22,517,44,11
J5_4_6,2609,515,27
J5_4_7,26130,1689,89
J5_4_8,6162,121,33
J5_4_9,2562,183,0
J5_6,2940,20,2
J61_55_56_59_60,50792,3001,263
J62_53_54_55_56_58_59_60_61,99220,503,21
J62_54_61,34200,3001,268
J63_52_62,69524,533,44
J63_53_62,37008,3001,306
J64_51_52_63,35873,3001,262
J64_51_63,63476,533,32
J65_47_49_50_64,53394,3001,170
J65_48_64,80669,543,12
J66_27_29_38_43_44_45_46_47_65,80392,539,35
J66_43_65,38756,3001,195
J67_20_23_24_66,95695,550,20
J67_32_33_34_35_36_40_41_66,53267,3001,212
J68_17_18_19_67,108962,527,85
J68_30_31_67,51237,3001,335
J69_27_28_68,52264,3001,295
J69_8_9_10_13_14_68,132951,551,28
J6_14_24,33778,1028,61
J6_1_2_3_4_5,889895,5204,1946
J6_1_2_3_5,7784,588,170
J6_1_2_5,64611,603,115
J6_1_3_4_5,141818,768,0
J6_1_3_5,21350,210,1
J6_1_4_5,385785,4220,1554
J6_1_5,819177,9415,2536
J6_2_3_4_5,249792,1838,510
J6_2_3_5,5125503,4785,1999
J6_2_4_5,1293,74,13
J6_2_4_5_15,13948,4444,883
J6_2_5,849598,7576,1018
J6_2_5_12,18184,1111,80
J6_2_7_8,62977,511,52
J6_3_4_5,653204,7908,2796
J6_3_5,295460,3528,851
J6_4_5,1454078,16275,2555
J6_5,29946,279,59
J6_5_17_18,7990,90,0
J6_5_22,22437,1872,180
J6_5_8,742,31,10
J6_7_13,7943,169,0
J70_24_25_69,55562,3001,205
J70_62_66_68_69,881,466,48
J70_7_69,118125,536,97
J71_20_21_22_23_70,52480,3001,410
J71_2_3_6_70,81238,591,71
J72_18_19_71,63663,3001,231
J73_17_72,60909,3001,230
J74_9_14_16_73,153368,3001,59
J75_10_74,65112,3001,213
J76_8_75,69773,3001,296
J77_1_2_3_4_5_6_7_76,167243,3001,140
J7_11_13_14,7068,500,21
J7_1_2_3_4_5_6,18158,771,86
J7_1_2_3_4_6,16054,535,45
J7_1_2_3_5_6,2938,33,0
J7_1_2_3_6,39066,740,80
J7_1_2_4_6,826,190,26
J7_1_2_6,11104,680,112
J7_1_3_6,10132,22,9
J7_1_4_6,172085,641,20
J7_1_6,20543623,21164,3998
J7_2_3_4_5_6,12800,275,81
J7_2_3_4_6,4980,119,38
J7_2_3_5_6,12989,166,69
J7_2_3_6,686936,7775,3241
J7_2_4_5_6,59611,5363,827
J7_2_4_6,27637,3894,167
J7_2_5_6,44558,1505,361
J7_2_6,357464,4672,1809
J7_2_6_23,1999,1438,554
J7_3_4_5_6,152866,3185,742
J7_3_4_6,54272,507,162
J7_3_5_6,1095,49,10
J7_3_6,399024,4905,1066
J7_4_5_6,47922,1537,300
J7_4_6,166235,4609,703
J7_4_6_17,589,9,1
J7_5_6,342061,4784,1685
J7_6,3668,156,44
J7_6_10,2518,159,21
J7_6_12,2209,33,0
J7_6_13,6825,245,0
J7_6_19,1229,27,0
J7_6_8,1919,231,3
J8_11_13_14,7385,500,24
J8_16_24,543,6,0
J8_1_2_3_4_5_6_7,538644,1388,315
J8_1_2_3_4_7,55145,1379,268
J8_1_2_4_5_6_7,2812,675,237
J8_1_2_4_6_7,7985,309,9
J8_1_2_5_7,4729,389,22
J8_1_2_6_7,4734,282,21
J8_1_3_4_7,1707,25,18
J8_1_3_5_6_7,45112,1114,90
J8_1_3_5_7,31457,1399,208
J8_1_3_7,6076,160,3
J8_1_6_7,2533,97,10
J8_1_7,267613,8004,3595
J8_2_3,4829,90,1
J8_2_3_4_5_6_7,59594,1111,39
J8_2_3_4_7,16378,1114,137
J8_2_3_5_7,1450,68,0
J8_2_3_7,13711,401,144
J8_2_4_5_7,2480,1046,124
J8_2_4_6_7,5073,641,118
J8_2_4_7,44527,258,198
J8_2_6_7,1261,11,0
J8_2_7,91882,1891,434
J8_3_4_5_6_7,35902,1111,80
J8_3_4_5_7,982184,1131,101
J8_3_4_7,120574,4748,1331
J8_3_5_6_7,10038,308,8
J8_3_5_7,62651,435,240
J8_3_6_7,3471,188,91
J8_3_7,16525,995,250
J8_4_5_6_7,6335,198,89
J8_4_5_7,5391,69,23
J8_4_7,245235,2953,218
J8_5_6_7,23442,1447,334
J8_5_7,22915,362,131
J8_6_7,906152,8473,2042
J8_7_13,23604,556,61
J8_7_25,5421,468,51
J91_41_44,811,1111,807
J93_41_44,783,1111,777
J9_16_17,12026,202,15
J9_1_2_3_4_5_6_7_8,11916,256,20
J9_1_2_3_4_5_8,35049,215,0
J9_1_2_3_4_8,501,20,0
J9_1_2_3_5_8,16850,769,59
J9_1_2_3_8,584,11,6
J9_1_2_4_6_8,12805,535,44
J9_1_2_6_8,10278,960,189
J9_1_2_8,27270,2266,1111
J9_1_3_5_8,7900,188,11
J9_1_3_6_8,15305,37,0
J9_1_5_7_8,8388,699,0
J9_1_5_8,3706,52,25
J9_1_7_8,106313,1438,449
J9_1_8,118386,1278,670
J9_1_8_14,561,6,0
J9_2_3_4_5_8,11272,195,43
J9_2_3_4_8,10575,2307,112
J9_2_3_8,61683,2162,556
J9_2_4_5_6_7_8,12683,370,28
J9_2_4_5_6_8,733,272,19
J9_2_4_6_8,19779,386,19
J9_2_4_8,3094,412,0
J9_2_5_7_8,576,45,5
J9_2_5_8,3459,77,0
J9_2_7_8,59416,2674,475
J9_2_8,110826,1101,582
J9_3_4_5_7_8,37868,401,131
J9_3_4_8,13564,269,3
J9_3_5_6_8,1317,618,105
J9_3_7_8,686,57,2
J9_3_8,40697,1081,155
J9_4_5_8,641,58,7
J9_4_6_7_8,67983,514,1
J9_4_6_8,4037,262,23
J9_4_7_8,660,6,3
J9_4_8,377828,3227,1776
J9_5_6_7_8,7440,531,47
J9_5_6_8,363208,1209,602
J9_5_7_8,514,74,6
J9_5_8,28043,654,276
J9_6_7_8,45227,1145,216
J9_6_8,2323,66,5
J9_7_8,486089,13928,3500
J9_7_8_16,9979,100,27
J9_7_8_19_21,629,38,1
J9_8,2775,30,0
M10,1295941,92012,22397
M10_2,11752,4148,379
M10_2_4_6_9,7607,594,178
M10_2_4_9,427255,1932,366
M10_3_5_7_9,127490,15916,4604
M10_7_9,5248,702,295
M10_9,22250,1714,481
M11,1624645,125971,15057
M11_10,2628,330,73
M11_1_2_10,1437,356,178
M11_2_4_10,5801,470,193
M11_2_4_8_10,965,445,85
M11_3_5_7_10,1343,270,95
M11_4_6_7_10,5164,217,80
M11_4_6_8_10,47742,2137,644
M11_4_7_10_14,165882,10829,976
M11_6_10,18447,187,55
M11_8_10,4130,40,23
M12,1609665,43145,10504
M12_11,1772794,82677,15291
M12_2_7_9_11,22080,35,7
M13,1536803,66185,17609
M13_12,18216,197,76
M13_1_8_9_12,2496,231,81
M13_4,4802,338,50
M13_9_12,5327,226,19
M14,2261599,256628,37364
M14_13,4765,92,16
M14_3_5_6_7_11_13,21303,266,16
M14_4_5_6,3680,492,92
M14_5_6_12_13_15,885,106,4
M15,672465,69401,7015
M15_14,7815,871,352
M15_2_4_6_14,37712,466,74
M15_5_14,780,112,15
M15_5_6_7_13_14_16,3069,415,27
M15_7_12,43615,1422,137
M15_7_8_14,4477,177,14
M16,8721947,59633,15877
M16_15,9255,1046,473
M16_2_4_6_8_10_12_15,774,7,2
M17,557578,17834,1527
M17_10_16,4600,27,9
M17_16,870,373,98
M17_5_8_9_15_16,116264,1825,213
M18,564174,78963,10996
M18_17,51741,1572,592
M18_2,502,60,2
M19,236595,9021,2379
M19_18,660,134,11
M1_3,1454,318,28
M1_4_9,4466,667,108
M1_7,4380,182,51
M2,36254626,1133027,103769
M20,409920,44269,1917
M20_19,1683,427,4
M21,571674,9111,2801
M21_20,5988,402,200
M22,293407,7787,2581
M22_18_19,14198,462,77
M23,469781,7943,1993
M23_18_20_21_22,176183,6673,2512
M24,59746,5133,827
M24_4,11835,363,88
M25,316415,61421,4795
M26,2427687,137569,7706
M27,32275,2848,134
M28,82126,14510,1703
M29,120925,32985,1076
M2_1,42367,2164,430
M2_4_6,327785,2250,459
M2_6,24262,1452,110
M3,9482925,724418,147277
M30,29443,861,55
M31,41363,619,104
M32,36829,640,93
M33,3607,357,89
M34,47104,784,232
M35,5158,251,12
M36,25356,899,353
M37,886,18,11
M39,20525,523,137
M3_2,33012465,190471,27539
M3_2_4,60350,260,12
M3_2_6,178726,793,143
M3_8,9932,2456,652
M4,24416482,555700,113010
M40,5146,418,73
M42,48984,788,257
M45_11_15_19_23_28_31_35_42_44,34787,4532,587
M47,5397,416,72
M48,2177,36,4
M4_1_3,2704,228,48
M4_1_3_13,115086,3684,509
M4_2,72124,7169,1264
M4_3,33451296,1524090,68389
M4_8,8713,1572,222
M5,25724640,1053773,137560
M50,4771,1006,32
M51,566,35,11
M51_45,10425,383,65
M53,5030,37,6
M54,36346,217,48
M55,9540,300,54
M56,4157,79,25
M57,4829,173,12
M58,26923,509,39
M59,3087,21,4
M5_1_2_4,9349,119,0
M5_1_4,15678,1251,252
M5_2,1400,240,53
M5_2_4,168222,8962,4046
M5_2_4_8,2348,237,14
M5_3,10667,398,103
M5_4,2753370,58310,6303
M5_4_10,246507,2021,219
M6,3721984,198378,45372
M60,14853,173,33
M61,16127,445,10
M66_47_63_65_69,528,158,11
M69,660,152,14
M6_1_2_3_5,28761,308,54
M6_1_3_5,100046,698,106
M6_2_3_5,14168,528,18
M6_2_4,1300,82,1
M6_2_5,552,118,10
M6_2_5_9,29932,952,125
M6_3_5,333410,3499,1895
M6_3_5_9_11,564,31,7
M6_3_5_9_11_12,1045,120,28
M6_4,63618,1340,65
M6_5,592511,29228,7014
M6_8,3199,494,84
M7,14665068,485221,67531
M7_2_3_6,25984,1121,174
M7_2_4_6,40986,1460,516
M7_2_6,7510,115,57
M7_3_6,61146,3832,899
M7_4_5_6,540,154,0
M7_4_6,7362,680,197
M7_4_6_48_53,82917,305,53
M7_5,6197,42,9
M7_6,5087991,131230,20397
M8,2294977,105751,32253
M8_1_3_5_7,2392,198,39
M8_2_6_7,13053,4532,1063
M8_4_5,2167,77,1
M8_4_7,5033,228,29
M8_5_7,6509,560,38
M8_7,1140584,37038,4043
M9,1562963,70879,22168
M9_1_2_8,8144,497,9
M9_2_4_6_8,130398,624,153
M9_4_6_8,5559,938,179
M9_4_8,15473,8177,181
M9_8,101984,10453,1394
MergeTask,91860,9176,2723
R10_1,14740,297,75
R10_11,609,30,5
R10_13,1151,24,5
R10_15,1053,1078,51
R10_1_2_3_9,1640,205,0
R10_1_9,20862,166,89
R10_4_9,1486,4,3
R10_6_9,556,48,6
R10_8_9,11524,237,77
R10_9,836758,18883,3243
R11_10,2450498,59905,11081
R11_13,3894,51,7
R11_16,107501,462,31
R11_17,10232,519,44
R11_3,5071,183,2
R12_1,11758,96,27
R12_11,8289890,45748,14912
R12_13,1988,168,22
R12_15,1020,19,0
R12_1_11,3815,256,13
R12_21,43291,243,81
R12_28,1058,92,23
R12_2_4_6_11,19370,195,0
R12_6,869,31,0
R12_9_11_13,561,6,0
R13_10_12,31530,2254,6
R13_12,6241614,38217,11230
R13_14,2050,153,7
R13_3_6_9_12,3335,72,3
R13_4_12,236185,1111,95
R13_5_12,45821,73,0
R13_6,2217,120,2
R13_8_10_12,520,4,1
R14_13,2694886,34442,9277
R14_16,9484,198,76
R14_1_3_13,1479,34,0
R14_1_3_6_13,1586,417,139
R14_21,41836,230,75
R14_24,517,45,11
R14_6_13,31271,1417,554
R15_14,464050,13687,2395
R15_3,5785,188,0
R16_12,787,57,0
R16_15,513118,5909,1451
R16_2_8_15,2272,71,0
R16_3,5681,181,0
R17_16,10432921,39125,5573
R17_19,1576,19,1
R17_1_16,876,73,0
R17_20,76479,592,12
R17_21,51556,372,133
R17_22,77111,605,11
R18_17,12284023,43571,14175
R18_23,86946,1097,187
R18_28,920,92,23
R19_18,966773,3713,1063
R19_21,49283,278,85
R19_2_18,94003,978,57
R1_10,8097,277,29
R1_11,4307,78,48
R1_2,2984132,9985,3934
R1_21,32813,130,62
R1_3,25659,914,238
R1_4,23205,1560,199
R1_5,111733,1286,401
R1_6,50013,2002,910
R1_7,12149,729,61
R1_8,2429,165,77
R1_9,17806,766,355
R20_19,720118,4237,1096
R21_16,534,52,0
R21_20,207591,5113,782
R22_21,178839,2588,731
R23_22,253229,3716,1093
R23_5_22,3789,111,8
R24_23,125003,1733,452
R25_1_3_4_5_6_7_8_9_10_11_12_13_14_15_16_17_18_19_,1380,183,0
R25_24,68419,1283,124
R25_3_8_10_16_21_22_24,3506,2222,1163
R25_3_8_11_14_17_20_23_24,882628,1114,121
R26_25,398630,3503,1191
R26_3_12_15_25,561,6,0
R27_26,37484,1134,176
R28_20_27,109236,2094,349
R28_27,7442,193,75
R28_9_27,653,80,5
R29_28,26491,413,84
R2_1,87389097,247097,17395
R2_10,2080,22,0
R2_12,1136,105,16
R2_14,26090,425,21
R2_15,9145,428,66
R2_3,1191,208,11
R2_5,132433,1304,771
R2_6,4168,69,41
R2_8,11927,303,147
R2_9,5548,24,13
R30_29,24001,797,318
R32_31,15688,789,112
R32_3_14_20_31,3901,332,0
R34_33,1143,22,13
R36_35,739,33,20
R38_37,16240,851,135
R39_38,2098,85,23
R3_1,103239,1074,221
R3_11,1445,15,9
R3_13,2505,131,15
R3_14,39610,2076,248
R3_17,9935,516,37
R3_1_2,2249085,12143,2625
R3_2,6700401,47283,9114
R3_4,2032,174,36
R3_5,72235,1354,689
R3_7,14259,1622,87
R3_8,875,116,7
R3_9,18228,721,0
R3_9_11_13,561,6,0
R43_42,5963,1620,36
R4_1,67225,617,149
R4_10,5667,69,38
R4_11,574,29,20
R4_1_2_3,211778,1361,338
R4_1_3,19362,626,356
R4_2_3,58000,1915,370
R4_3,9096654,84020,14101
R4_5,592,56,15
R4_6,3114,88,56
R4_8,6218,732,82
R4_9,15619,42,0
R58_57,1593,43,0
R5_1,51101,565,116
R5_11,4855,504,14
R5_12,6746,1724,340
R5_13,1903,339,49
R5_17,10021,516,49
R5_1_2_3_4,9806,434,71
R5_1_4,10875,172,99
R5_21,40922,208,62
R5_2_4,12144,357,59
R5_3_4,48659,705,369
R5_4,4931051,104933,35106
R5_6,1091,31,14
R5_9,21679,841,57
R6_1,56568,548,148
R6_10,8103,119,58
R6_12,14089,2403,704
R6_15,957,1079,8
R6_1_2_3_4_5,11360,532,309
R6_1_2_3_5,1406,166,26
R6_1_5,27558,1194,421
R6_3,581,30,2
R6_4_5,167868,512,95
R6_5,25151040,105691,20232
R6_7,1517,67,9
R6_8,3257,197,59
R6_9,3911,121,57
R7_1,45947,418,113
R7_10,3394,60,17
R7_12,7026,1868,374
R7_13,2523,133,11
R7_1_2_3_4_5_6,4945,25,2
R7_1_2_3_4_6,1912,148,49
R7_1_2_6,28099,343,35
R7_1_6,9433,646,2
R7_21,53277,351,94
R7_2_4_6,2037877,15830,4081
R7_2_6,2216,236,4
R7_3,3682,278,79
R7_3_6,2735,115,18
R7_4_6,2158943,3748,1992
R7_5_6,42994,596,241
R7_6,7717425,30341,5178
R7_9,18501,721,0
R8_1,12369,107,34
R8_10,1504,41,12
R8_14,37181,348,46
R8_1_2_3_4_5_6_7,18382,556,37
R8_1_2_7,2224,7,1
R8_1_4_5_6_7,2749,63,0
R8_1_7,97676,2599,1109
R8_3_7,3530,30,2
R8_4_5_6_7,182962,630,118
R8_5_7,754,17,5
R8_6,1488,21,3
R8_6_7,78106,1968,584
R8_7,22584498,80024,17784
R9_10,3595,291,35
R9_11,4587,194,20
R9_12,652,19,11
R9_15,2708,748,34
R9_1_3_8,6524,340,1
R9_1_8,48465,835,155
R9_21,47902,263,88
R9_2_8,913,44,0
R9_3,6651,334,193
R9_4_6_8,188063,447,25
R9_5,6246,116,55
R9_6,672,5,3
R9_7_8,26890,209,85
R9_8,17045018,67629,23609
task_LTE3Nzc5Mzc0NTEyODIyMTQwNTc=,11723,217,112
task_LTEwOTY0ODA4MjU3NTE0MjIwNTA=,1490645,1600,800
task_LTI0MjU2NDM0NTE3NDI0MzkwNjE=,36926330,10998,5483
task_LTI2MzEyNTgxNDkwNTY5NjY0MzU=,40359,1,0
task_LTI2MzEyNTgxNDkwNTY5NjY0MzY=,40357,1,0
task_LTI2MzEyNTgxNDkwNTY5NjY0NDE=,40357,1,0
task_LTI2MzEyNTgxNDkwNTY5NjY0NDI=,40357,1,0
task_LTI2MzEyNTgxNDkwNTY5NjY0NDM=,40360,1,0
task_LTI2MzEyNTgxNDkwNTY5NjY0NDQ=,40359,1,0
task_LTI2MzEyNTgxNDkwNTY5NjY0NDU=,40359,1,0
task_LTI2MzEyNTgxNDkwNTY5NjY0NDY=,40360,1,0
task_LTI2MzEyNTgxNDkwNTY5NjY0NDc=,40357,1,0
task_LTI2MzEyNTgxNDkwNTY5NjY0NDg=,40359,1,0
task_LTI2MzEyNTgxNDkwNTc5NjY0Mzc=,40357,1,0
task_LTI2MzEyNTgxNDkwNTc5NjY0Mzg=,40357,1,0
task_LTI2MzEyNTgxNDkwNTc5NjY0NDE=,40359,1,0
task_LTI2MzEyNTgxNDkwNTc5NjY0NDI=,40360,1,0
task_LTI2MzEyNTgxNDkwNTc5NjY0NDM=,40360,1,0
task_LTI2MzEyNTgxNDkwNTc5NjY0NDQ=,40360,1,0
task_LTI2MzEyNTgxNDkwNTc5NjY0NDU=,40358,1,0
task_LTI2MzEyNTgxNDkwNTc5NjY0NDY=,40360,1,0
task_LTI2MzEyNTgxNDkwNTc5NjY0NDc=,40359,1,0
task_LTI2MzEyNTgxNDkwNTc5NjY0NDg=,40360,1,0
task_LTI2MzEyNTgxNDkwNTg5NjY0MzM=,40359,1,0
task_LTI2MzEyNTgxNDkwNTg5NjY0MzQ=,40359,1,0
task_LTI2MzEyNTgxNDkwNTg5NjY0MzU=,40359,1,0
task_LTI2MzEyNTgxNDkwNTg5NjY0MzY=,40359,1,0
task_LTI2MzEyNTgxNDkwNTg5NjY0Mzc=,40359,1,0
task_LTI2MzEyNTgxNDkwNTg5NjY0Mzg=,40359,1,0
task_LTI2MzEyNTgxNDkwNTg5NjY0Mzk=,40357,1,0
task_LTI2MzEyNTgxNDkwNTg5NjY0NDA=,40359,1,0
task_LTI2MzEyNTgxNDkwNTg5NjY0NDE=,40359,1,0
task_LTI2MzEyNTgxNDkwNTg5NjY0NDI=,40359,1,0
task_LTI2MzEyNTgxNDkwNjE5NjY0NTc=,40359,1,0
task_LTI2MzEyNTgxNDkwNjE5NjY0NTg=,40357,1,0
task_LTI2MzEyNTgxNDkwNjE5NjY0NTk=,40360,1,0
task_LTI2MzEyNTgxNDkwNjE5NjY0NjA=,40357,1,0
task_LTI2MzEyNTgxNDkwNjE5NjY0NjI=,40360,1,0
task_LTI2MzEyNTgxNDkwNjI5NjY0NTM=,40359,1,0
task_LTI2MzEyNTgxNDkwNjI5NjY0NTQ=,40359,1,0
task_LTI2MzEyNTgxNDkwNjI5NjY0NTc=,40359,1,0
task_LTI2MzEyNTgxNDkwNjI5NjY0NTg=,40359,1,0
task_LTI2MzEyNTgxNDkwNjI5NjY0NTk=,40359,1,0
task_LTI2MzEyNTgxNDkwNjI5NjY0NjA=,40359,1,0
task_LTI2MzEyNTgxNDkwNjI5NjY0NjE=,40357,1,0
task_LTI2MzEyNTgxNDkwNjI5NjY0NjI=,40359,1,0
task_LTI2MzEyNTgxNDkwNjI5NjY0NjM=,40359,1,0
task_LTI2MzEyNTgxNDkwNjI5NjY0NjQ=,40359,1,0
task_LTI2MzEyNTgxNDkwNjM5NjY0NTU=,40359,1,0
task_LTI2MzEyNTgxNDkwNjM5NjY0NTY=,40359,1,0
task_LTI2MzEyNTgxNDkwNjM5NjY0NTc=,40357,1,0
task_LTI2MzEyNTgxNDkwNjM5NjY0NTg=,40359,1,0
task_LTI2MzEyNTgxNDkwNjM5NjY0NTk=,40357,1,0
task_LTI2MzEyNTgxNDkwNjM5NjY0NjA=,40359,1,0
task_LTI2MzEyNTgxNDkwNjM5NjY0NjE=,40356,1,0
task_LTI2MzEyNTgxNDkwNjM5NjY0NjI=,40360,1,0
task_LTI2MzEyNTgxNDkwNjM5NjY0NjM=,40357,1,0
task_LTI2MzEyNTgxNDkwNjM5NjY0NjQ=,40357,1,0
task_LTI2NTc5ODQ0OTQxMTIyNDk5MTY=,455237,7014,1167
task_LTM0NzgwODE5MjcyNTU1NzY2NzA=,60185,1,0
task_LTM1MDg2NzQ2MzE3ODcwMzc0NTM=,3727288,24069,4095
task_LTM1MDg2NzQ2MzE3ODcwMzc0NTQ=,4115610,33110,7044
task_LTM1MDg2NzQ2MzE3ODcwMzc0NTU=,3137387,19204,2468
task_LTM2MzEyNTcxNDkwODQ5NjY0ODE=,45086,1,0
task_LTM2MzEyNTcxNDkwODQ5NjY0ODI=,45086,1,0
task_LTM2MzEyNTcxNDkwODQ5NjY0ODM=,45086,1,0
task_LTM2MzEyNTcxNDkwODQ5NjY0ODQ=,45086,1,0
task_LTM2MzEyNTcxNDkwODQ5NjY0ODc=,45086,1,0
task_LTM2MzEyNTcxNDkwODQ5NjY0ODg=,29085,1,0
task_LTM2MzEyNTcxNDkwODY5NjY1NjE=,45086,1,0
task_LTM2MzEyNTcxNDkwODY5NjY1NjI=,45084,1,0
task_LTM2MzEyNTcxNDkwODY5NjY1Njk=,45086,1,0
task_LTM2MzEyNTcxNDkwODY5NjY1NzA=,45086,1,0
task_LTM2MzEyNTcxNDkwODY5NjY1NzE=,45086,1,0
task_LTM2MzEyNTcxNDkwODY5NjY1NzI=,45086,1,0
task_LTM2MzEyNTcxNDkwODY5NjY1NzM=,45086,1,0
task_LTM2MzEyNTcxNDkwODY5NjY1NzQ=,45086,1,0
task_LTM2MzEyNTcxNDkwODY5NjY1NzU=,45086,1,0
task_LTM2MzEyNTcxNDkwODY5NjY1NzY=,45086,1,0
task_LTM2MzEyNTcxNDkwODc5NjY1NjM=,45086,1,0
task_LTM2MzEyNTcxNDkwODc5NjY1NjQ=,45086,1,0
task_LTM2MzEyNTcxNDkwODc5NjY1Njk=,45086,1,0
task_LTM2MzEyNTcxNDkwODc5NjY1NzA=,45086,1,0
task_LTM2MzEyNTcxNDkwODc5NjY1NzE=,45086,1,0
task_LTM2MzEyNTcxNDkwODc5NjY1NzI=,45086,1,0
task_LTM2MzEyNTcxNDkwODc5NjY1NzM=,45086,1,0
task_LTM2MzEyNTcxNDkwODc5NjY1NzQ=,45086,1,0
task_LTM2MzEyNTcxNDkwODc5NjY1NzU=,45086,1,0
task_LTM2MzEyNTcxNDkwODc5NjY1NzY=,45086,1,0
task_LTM2MzEyNTcxNDkwODg5NjY1Njc=,45086,1,0
task_LTM2MzEyNTcxNDkwODg5NjY1Njg=,45086,1,0
task_LTM2MzEyNTcxNDkwODg5NjY1Njk=,45086,1,0
task_LTM2MzEyNTcxNDkwODg5NjY1NzA=,45086,1,0
task_LTM2MzEyNTcxNDkwODg5NjY1NzE=,45086,1,0
task_LTM2MzEyNTcxNDkwODg5NjY1NzI=,45086,1,0
task_LTM2MzEyNTcxNDkwODg5NjY1NzM=,45085,1,0
task_LTM2MzEyNTcxNDkwODg5NjY1NzQ=,45086,1,0
task_LTM2MzEyNTcxNDkwODg5NjY1NzU=,45086,1,0
task_LTM2MzEyNTcxNDkwODg5NjY1NzY=,45086,1,0
task_LTM2MzEyNTcxNDkwODk5NjY1NjE=,45086,1,0
task_LTM2MzEyNTcxNDkwODk5NjY1NjI=,45086,1,0
task_LTM2MzEyNTcxNDkwODk5NjY1NjM=,45086,1,0
task_LTM2MzEyNTcxNDkwODk5NjY1NjQ=,15992,1,0
task_LTM2MzEyNTcxNDkwODk5NjY1NjU=,45086,1,0
task_LTM2MzEyNTcxNDkwODk5NjY1NjY=,45086,1,0
task_LTM2MzEyNTcxNDkwODk5NjY1Njc=,45086,1,0
task_LTM2MzEyNTcxNDkwODk5NjY1Njg=,45086,1,0
task_LTM2MzEyNTcxNDkwODk5NjY1Njk=,45086,1,0
task_LTM2MzEyNTcxNDkwODk5NjY1NzA=,45086,1,0
task_LTM2MzEyNTcxNDkwOTE5NjY1NjE=,45086,1,0
task_LTM2MzEyNTcxNDkwOTE5NjY1NjI=,45086,1,0
task_LTM2MzEyNTcxNDkwOTE5NjY1NjM=,45086,1,0
task_LTM2MzEyNTcxNDkwOTE5NjY1NjQ=,45086,1,0
task_LTM2MzEyNTcxNDkwOTE5NjY1NjU=,45086,1,0
task_LTM2MzEyNTcxNDkwOTE5NjY1NjY=,45086,1,0
task_LTM2MzEyNTcxNDkwOTE5NjY1Njc=,45086,1,0
task_LTM2MzEyNTcxNDkwOTE5NjY1Njg=,45086,1,0
task_LTM2MzEyNTcxNDkwOTE5NjY1NzU=,45086,1,0
task_LTM2MzEyNTcxNDkwOTE5NjY1NzY=,45086,1,0
task_LTMwODg1Nzc1MDM3OTcxODM2NjA=,433111,806,20
task_LTQ4NzcwOTU4Mzc4NzQzNzk4NjM=,41762,1,0
task_LTQ4NzcwOTU4Mzc4NzQzNzk4NjQ=,41761,1,0
task_LTQ4NzcwOTU4Mzc4NzQzNzk4NjU=,41762,1,0
task_LTQ4NzcwOTU4Mzc4NzQzNzk4NjY=,41761,1,0
task_LTQ4NzcwOTU4Mzc4NzQzNzk4Njc=,41762,1,0
task_LTQ4NzcwOTU4Mzc4NzQzNzk4Njg=,41762,1,0
task_LTQ4NzcwOTU4Mzc4NzQzNzk4Njk=,41762,1,0
task_LTQ4NzcwOTU4Mzc4NzQzNzk4NzA=,41762,1,0
task_LTQ4NzcwOTU4Mzc4NzQzNzk4NzI=,41762,1,0
task_LTQ4NzcwOTY4Mzc4NzgzNzk4NTk=,50622,1,0
task_LTQ4NzcwOTY4Mzc4NzgzNzk4NjA=,50622,1,0
task_LTQ4NzcwOTY4Mzc4NzgzNzk4NjU=,50622,1,0
task_LTQ4NzcwOTY4Mzc4NzgzNzk4NjY=,50626,1,0
task_LTQ4NzcwOTY4Mzc4NzgzNzk4Njc=,50626,1,0
task_LTQ4NzcwOTY4Mzc4NzgzNzk4Njk=,50626,1,0
task_LTQ4NzcwOTY4Mzc4NzgzNzk4NzE=,50622,1,0
task_LTQ4NzcwOTY4Mzc4NzgzNzk4NzI=,50622,1,0
task_LTU0MTQyNTI1NDMzMzE0ODA0MTU=,27092,2856,1435
task_LTU2Mjc3Mjg3MDk0ODUyNDM1OTk=,83146,14966,2455
task_LTUzMDg5NjEyMDc5OTU0ODg5OTQ=,8399,1,0
task_LTUzMDg5NjEyMDc5OTU0ODg5OTU=,8398,1,0
task_LTUzMDg5NjEyMDc5OTU0ODg5OTY=,8399,1,0
task_LTUzMDg5NjEyMDc5OTU0ODg5OTc=,8399,1,0
task_LTUzMDg5NjEyMDc5OTU0ODg5OTg=,8399,1,0
task_LTUzMDg5NjEyMDc5OTU0ODg5OTk=,8398,1,0
task_LTUzMDg5NjEyMDc5OTU0ODkwMDE=,8399,1,0
task_LTUzMDg5NjEyMDc5OTU0ODkwMDI=,8392,1,0
task_LTY1MTQ5NzAxODc2NDg0NzY2OTU=,13040,40,14
task_LTYxMjEzOTY4MDkyNzc3MDY0Njg=,395960,6346,1402
task_LTc5OTY0MDIzOTAzMzExMTA0ODE=,40360,1,0
task_LTc5OTY0MDIzOTAzMzExMTA0ODI=,40360,1,0
task_LTc5OTY0MDIzOTAzMzExMTA0ODM=,40359,1,0
task_LTc5OTY0MDIzOTAzMzExMTA0ODQ=,40360,1,0
task_LTc5OTY0MDIzOTAzMzExMTA0ODY=,40359,1,0
task_LTc5OTY0MDIzOTAzMzExMTA0ODc=,40359,1,0
task_LTc5OTY0MDIzOTAzMzExMTA0ODg=,40359,1,0
task_LTc5OTY0MDIzOTAzMzExMTA0OTM=,40360,1,0
task_LTc5OTY0MDIzOTAzMzExMTA0OTQ=,40359,1,0
task_LTc5OTY0MDMzOTAzMjcxMTA1MTM=,45086,1,0
task_LTc5OTY0MDMzOTAzMjcxMTA1MTQ=,45086,1,0
task_LTc5OTY0MDMzOTAzMjcxMTA1MjE=,45086,1,0
task_LTc5OTY0MDMzOTAzMjcxMTA1MjM=,45086,1,0
task_LTc5OTY0MDMzOTAzMjcxMTA1MjQ=,45086,1,0
task_LTc5OTY0MDMzOTAzMjcxMTA1MjU=,45086,1,0
task_LTc5OTY0MDMzOTAzMjcxMTA1MjY=,45086,1,0
task_LTc5OTY0MDMzOTAzMjcxMTA1Mjc=,45086,1,0
task_LTc5OTY0MDMzOTAzMjcxMTA1Mjg=,45086,1,0
task_LTcyMjgzNTU0Nzk1OTg3NTA5MzM=,3154612,1209,404
task_LTg0MTUwNTA5Mjg4MDkwNjIzMA==,26103149,122718,30696
task_LTg5MTI5MTc1ODQzMjE2MTczMTk=,6251,84,8
task_LTgyNDIyODU4MjI5ODg2ODI3MjU=,17730,1,0
task_LTgyNDIyODU4MjI5ODg2ODI3MjY=,17730,1,0
task_LTgyNDIyODU4MjI5ODg2ODI3Mjk=,17730,1,0
task_LTgyNDIyODU4MjI5ODg2ODI3MzA=,17730,1,0
task_LTgyNDIyODU4MjI5ODg2ODI3MzE=,17730,1,0
task_LTgyNDIyODU4MjI5ODg2ODI3MzI=,17730,1,0
task_LTgyNDIyODU4MjI5ODg2ODI3MzM=,17730,1,0
task_LTgyNDIyODU4MjI5ODg2ODI3MzQ=,17730,1,0
task_LTgyNDIyODU4MjI5ODg2ODI3MzU=,17730,1,0
task_LTgyNDIyODU4MjI5ODg2ODI3MzY=,17730,1,0
task_LTgyNDIyODU4MjI5ODk2ODI3MjE=,17730,1,0
task_LTgyNDIyODU4MjI5ODk2ODI3MjI=,17730,1,0
task_LTgyNDIyODU4MjI5ODk2ODI3MjM=,17731,1,0
task_LTgyNDIyODU4MjI5ODk2ODI3MjQ=,17730,1,0
task_LTgyNDIyODU4MjI5ODk2ODI3MjU=,17730,1,0
task_LTgyNDIyODU4MjI5ODk2ODI3MjY=,17730,1,0
task_MTM0ODUxMTY0NjQzMTI1NTc1MQ==,1618524,19020,8262
task_MTY3NzU4MzIxMzMzNDg4OTMzOQ==,1062,217,75
task_MjA0NDk5ODc0NDc1NzAwMzc3Mw==,2620,1,0
task_MjYyNzIwNjA2MDU2MTg1NzA1Ng==,17730,1,0
task_MjYyNzIwNjA2MDU2MTg1NzA1Nw==,17730,1,0
task_MjYyNzIwNjA2MDU2MTg1NzA2NQ==,17730,1,0
task_MjYyNzIwNjA2MDU2MTg1NzA2Ng==,17731,1,0
task_MjYyNzIwNjA2MDU2MTg1NzA2Nw==,17730,1,0
task_MjYyNzIwNjA2MDU2MTg1NzA2OA==,17730,1,0
task_MjYyNzIwNjA2MDU2MTg1NzA2OQ==,17730,1,0
task_MjYyNzIwNjA2MDU2MTg1NzA3MA==,17730,1,0
task_MjYyNzIwNjA2MDU2MTg1NzA3MQ==,17730,1,0
task_Mjc5MzA3NTE4MTEyMDI2MTQ2OQ==,7047,217,50
task_Mjk0OTg0NjUyOTEwMjg1NjYx,88495,1,0
task_Mjk0OTg0NjUyOTEwMjg1NjYy,39457,1,0
task_MzEzODY2NDE5OTUyNzA4NjMwNg==,217341,1600,785
task_MzQwMDQzNjY0MzkwNzU2ODYyMg==,11624939,12491,959
task_MzU0Njc4NTA0MjM2MDU4NjE0NA==,6573,1,0
task_MzU0Njc4NTA0MjM2MDU4NjE0NQ==,6569,1,0
task_MzU0Njc4NTA0MjM2MDU4NjE0Ng==,6570,1,0
task_MzU0Njc4NTA0MjM2MDU4NjE0Nw==,6571,1,0
task_MzU0Njc4NTA0MjM2MDU4NjE0OA==,6601,1,0
task_MzU0Njc4NTA0MjM2MDU4NjE0OQ==,6574,1,0
task_MzU0Njc4NTA0MjM2MDU4NjE1MA==,6568,1,0
task_MzU0Njc4NTA0MjM2MDU4NjE1MQ==,6567,1,0
task_MzU0Njc4NTA0MjM2MDU4NjE1Mg==,6545,1,0
task_MzU0Njc4NTA0MjM2MDU4NjE1Mw==,6576,1,0
task_MzU0Njc4NTA0MjM2MTU4NjE0NA==,6542,1,0
task_MzU0Njc4NTA0MjM2MTU4NjE0NQ==,6570,1,0
task_MzU0Njc4NTA0MjM2MTU4NjE0Ng==,6568,1,0
task_MzU0Njc4NTA0MjM2MTU4NjE0Nw==,6574,1,0
task_MzU0Njc4NTA0MjM2MTU4NjE0OA==,6567,1,0
task_MzU0Njc4NTA0MjM2MTU4NjE0OQ==,6570,1,0
task_MzU0Njc4NTA0MjM2MTU4NjE1MA==,6567,1,0
task_MzU0Njc4NTA0MjM2MTU4NjE1MQ==,6570,1,0
task_MzU0Njc4NTA0MjM2MTU4NjE1NA==,6575,1,0
task_MzU0Njc4NTA0MjM2MTU4NjE1NQ==,6567,1,0
task_MzU0Njc4NTA0MjM2MjU4NjE0NA==,6562,1,0
task_MzU0Njc4NTA0MjM2MjU4NjE0NQ==,6567,1,0
task_MzU0Njc4NTA0MjM2MjU4NjE0Ng==,6566,1,0
task_MzU0Njc4NTA0MjM2MjU4NjE0Nw==,6589,1,0
task_MzU0Njc4NTA0MjM2MjU4NjE0OA==,6574,1,0
task_MzU0Njc4NTA0MjM2MjU4NjE0OQ==,6589,1,0
task_MzU0Njc4NTA0MjM2MjU4NjE1MA==,6566,1,0
task_MzU0Njc4NTA0MjM2MjU4NjE1MQ==,6555,1,0
task_MzU0Njc4NTA0MjM2MjU4NjE1OA==,6566,1,0
task_MzU0Njc4NTA0MjM2MjU4NjE1OQ==,6560,1,0
task_MzU0Njc4NTA0MjM2MzU4NjE2MA==,6545,1,0
task_MzU0Njc4NTA0MjM2MzU4NjE2MQ==,6530,1,0
task_MzU0Njc4NTA0MjM2MzU4NjE2OA==,6559,1,0
task_MzU0Njc4NTA0MjM2MzU4NjE2OQ==,6531,1,0
task_MzU0Njc4NTA0MjM2MzU4NjE3MA==,6555,1,0
task_MzU0Njc4NTA0MjM2MzU4NjE3MQ==,6550,1,0
task_MzU0Njc4NTA0MjM2MzU4NjE3Mg==,6557,1,0
task_MzU0Njc4NTA0MjM2MzU4NjE3Mw==,6550,1,0
task_MzU0Njc4NTA0MjM2MzU4NjE3NA==,6550,1,0
task_MzU0Njc4NTA0MjM2MzU4NjE3NQ==,6550,1,0
task_MzY1MzM4ODU1NTA1OTk2NTgxMA==,11721,1,0
task_MzkwNjI2MTQ2NTgxODQzNDc5Mw==,19196,2880,1215
task_NDc0OTczNTEwMTE1MTA2MzA4OA==,50622,1,0
task_NDc0OTczNTEwMTE1MTA2MzA4OQ==,50622,1,0
task_NDc0OTczNTEwMTE1MTA2MzA5Ng==,50622,1,0
task_NDc0OTczNTEwMTE1MTA2MzA5Nw==,50622,1,0
task_NDc0OTczNTEwMTE1MTA2MzA5OA==,50622,1,0
task_NDc0OTczNTEwMTE1MTA2MzA5OQ==,50622,1,0
task_NDc0OTczNTEwMTE1MTA2MzEwMA==,50622,1,0
task_NDc0OTczNTEwMTE1MTA2MzEwMQ==,50622,1,0
task_NDc0OTczNTEwMTE1MTA2MzEwMg==,50619,1,0
task_NDc0OTczNTEwMTE1MTA2MzEwMw==,50622,1,0
task_NDc0OTczNTEwMTE1MjA2MzA5MA==,50621,1,0
task_NDc0OTczNTEwMTE1MjA2MzA5MQ==,50622,1,0
task_NDc0OTczNTEwMTE1MjA2MzA5Ng==,50622,1,0
task_NDc0OTczNTEwMTE1MjA2MzA5Nw==,50622,1,0
task_NDc0OTczNTEwMTE1MjA2MzA5OA==,50622,1,0
task_NDc0OTczNTEwMTE1MjA2MzA5OQ==,50622,1,0
task_NDc0OTczNTEwMTE1MjA2MzEwMA==,50622,1,0
task_NDc0OTczNTEwMTE1MjA2MzEwMQ==,50621,1,0
task_NDc0OTczNTEwMTE1MjA2MzEwMg==,50622,1,0
task_NDc0OTczNTEwMTE1MjA2MzEwMw==,50622,1,0
task_NDc0OTczNTEwMTE1MzA2MzA5NA==,50622,1,0
task_NDc0OTczNTEwMTE1MzA2MzA5NQ==,50619,1,0
task_NDc0OTczNTEwMTE1MzA2MzA5Ng==,50622,1,0
task_NDc0OTczNTEwMTE1MzA2MzA5Nw==,50622,1,0
task_NDc0OTczNTEwMTE1MzA2MzA5OA==,50622,1,0
task_NDc0OTczNTEwMTE1MzA2MzA5OQ==,50620,1,0
task_NDc0OTczNTEwMTE1MzA2MzEwMA==,50622,1,0
task_NDc0OTczNTEwMTE1MzA2MzEwMQ==,50622,1,0
task_NDc0OTczNTEwMTE1MzA2MzEwMg==,50622,1,0
task_NDc0OTczNTEwMTE1MzA2MzEwMw==,50619,1,0
task_NDc0OTczNTEwMTE1NjA2MzA5MA==,50613,1,0
task_NDc0OTczNTEwMTE1NjA2MzA5MQ==,50622,1,0
task_NDc0OTczNTEwMTE1NjA2MzA5Mg==,50619,1,0
task_NDc0OTczNTEwMTE1NjA2MzA5Mw==,50622,1,0
task_NDc0OTczNTEwMTE1NjA2MzA5NA==,50620,1,0
task_NDc0OTczNTEwMTE1NjA2MzA5NQ==,50622,1,0
task_NDc0OTczNTEwMTE1NzA2MzA0Mg==,50622,1,0
task_NDc0OTczNTEwMTE1NzA2MzA0Mw==,50622,1,0
task_NDc0OTczNTEwMTE1NzA2MzA0OA==,50622,1,0
task_NDc0OTczNTEwMTE1NzA2MzA0OQ==,50622,1,0
task_NDc0OTczNTEwMTE1NzA2MzA1MA==,50622,1,0
task_NDc0OTczNTEwMTE1NzA2MzA1MQ==,50622,1,0
task_NDc0OTczNTEwMTE1NzA2MzA1Mg==,50622,1,0
task_NDc0OTczNTEwMTE1NzA2MzA1Mw==,50622,1,0
task_NDc0OTczNTEwMTE1NzA2MzA1NA==,50622,1,0
task_NDc0OTczNTEwMTE1NzA2MzA1NQ==,50622,1,0
task_NDc0OTczNTEwMTE1ODA2MzA0NA==,50622,1,0
task_NDc0OTczNTEwMTE1ODA2MzA0NQ==,50622,1,0
task_NDc0OTczNTEwMTE1ODA2MzA0OA==,50622,1,0
task_NDc0OTczNTEwMTE1ODA2MzA0OQ==,50622,1,0
task_NDc0OTczNTEwMTE1ODA2MzA1MA==,50622,1,0
task_NDc0OTczNTEwMTE1ODA2MzA1MQ==,50622,1,0
task_NDc0OTczNTEwMTE1ODA2MzA1Mg==,50622,1,0
task_NDc0OTczNTEwMTE1ODA2MzA1Mw==,50622,1,0
task_NDc0OTczNTEwMTE1ODA2MzA1NA==,50622,1,0
task_NDc0OTczNTEwMTE1ODA2MzA1NQ==,50620,1,0
task_NDg2ODM2NDIyMDczNDQ4NzMzOA==,54571635,24472,1579
task_NTc0OTc0MjEwMTE2MzA2MzA5Ng==,41761,1,0
task_NTc0OTc0MjEwMTE2MzA2MzA5Nw==,41762,1,0
task_NTc0OTc0MjEwMTE2MzA2MzA5OA==,41761,1,0
task_NTc0OTc0MjEwMTE2MzA2MzA5OQ==,41762,1,0
task_NTc0OTc0MjEwMTE2MzA2MzEwMA==,41762,1,0
task_NTc0OTc0MjEwMTE2NTA2MzA5NA==,41762,1,0
task_NTc0OTc0MjEwMTE2NTA2MzA5NQ==,41762,1,0
task_NTc0OTc0MjEwMTE2NTA2MzA5Ng==,41761,1,0
task_NTc0OTc0MjEwMTE2NTA2MzA5Nw==,41760,1,0
task_NTc0OTc0MjEwMTE2NTA2MzA5OA==,41761,1,0
task_NTc0OTc0MjEwMTE2NTA2MzA5OQ==,41761,1,0
task_NTc0OTc0MjEwMTE2NTA2MzEwMA==,41761,1,0
task_NTc0OTc0MjEwMTE2NTA2MzEwMQ==,41762,1,0
task_NTc0OTc0MjEwMTE2NTA2MzEwMg==,41762,1,0
task_NTc0OTc0MjEwMTE2NTA2MzEwMw==,41762,1,0
task_NTc0OTc0MjEwMTE2NjA2MzA4OA==,41762,1,0
task_NTc0OTc0MjEwMTE2NjA2MzA4OQ==,41762,1,0
task_NTc0OTc0MjEwMTE2NjA2MzA5MA==,41762,1,0
task_NTc0OTc0MjEwMTE2NjA2MzA5MQ==,41762,1,0
task_NTc0OTc0MjEwMTE2NjA2MzA5Mg==,41762,1,0
task_NTc0OTc0MjEwMTE2NjA2MzA5Mw==,41761,1,0
task_NTc0OTc0MjEwMTE2NjA2MzA5NA==,41760,1,0
task_NTc0OTc0MjEwMTE2NjA2MzA5NQ==,41762,1,0
task_NTc0OTc0MjEwMTE2NjA2MzA5Ng==,41760,1,0
task_NTc0OTc0MjEwMTE2NjA2MzA5Nw==,41761,1,0
task_NTc0OTc0MjEwMTE2NzA2MzA4OA==,41761,1,0
task_NTc0OTc0MjEwMTE2NzA2MzA4OQ==,41762,1,0
task_NTc0OTc0MjEwMTE2NzA2MzA5MA==,41762,1,0
task_NTc0OTc0MjEwMTE2NzA2MzA5MQ==,41762,1,0
task_NTc0OTc0MjEwMTE2NzA2MzA5Mg==,41761,1,0
task_NTc0OTc0MjEwMTE2NzA2MzA5Mw==,41761,1,0
task_NTc0OTc0MjEwMTE2NzA2MzA5NA==,41761,1,0
task_NTc0OTc0MjEwMTE2NzA2MzA5NQ==,41761,1,0
task_NTc0OTc0MjEwMTE2NzA2MzEwMA==,41761,1,0
task_NTc0OTc0MjEwMTE2NzA2MzEwMQ==,41762,1,0
task_NTc0OTc0MjEwMTE2ODA2MzA4OA==,41762,1,0
task_NTc0OTc0MjEwMTE2ODA2MzA4OQ==,41762,1,0
task_NTc0OTc0MjEwMTE2ODA2MzA5MA==,41761,1,0
task_NTc0OTc0MjEwMTE2ODA2MzA5MQ==,41761,1,0
task_NTc0OTc0MjEwMTE2ODA2MzA5Mg==,41761,1,0
task_NTc0OTc0MjEwMTE2ODA2MzA5Mw==,41762,1,0
task_NTc0OTc0MjEwMTE2ODA2MzA5NA==,41762,1,0
task_NTc0OTc0MjEwMTE2ODA2MzA5NQ==,41762,1,0
task_NTc0OTc0MjEwMTE2ODA2MzEwMg==,41761,1,0
task_NTc0OTc0MjEwMTE2ODA2MzEwMw==,41761,1,0
task_NTc0OTc0MjEwMTE3MDA2MzA0NA==,41761,1,0
task_NTc0OTc0MjEwMTE3MDA2MzA0NQ==,41761,1,0
task_NTc0OTc0MjEwMTE3MDA2MzA0OA==,41761,1,0
task_NTc0OTc0MjEwMTE3MDA2MzA0OQ==,41762,1,0
task_NTc0OTc0MjEwMTE3MDA2MzA1MA==,41762,1,0
task_NTc0OTc0MjEwMTE3MDA2MzA1MQ==,41762,1,0
task_NTc0OTc0MjEwMTE3MDA2MzA1Mg==,41761,1,0
task_NTc0OTc0MjEwMTE3MDA2MzA1Mw==,41761,1,0
task_NTc0OTc0MjEwMTE3MDA2MzA1NA==,41762,1,0
task_NTc0OTc0MjEwMTE3MDA2MzA1NQ==,41760,1,0
task_NTk4MTM3OTI2MjA0MTcyNTc4MA==,6587,1,0
task_NTk4MTM3OTI2MjA0MTcyNTc4MQ==,6591,1,0
task_NTk4MTM3OTI2MjA0MTcyNTc4Ng==,6587,1,0
task_NTk4MTM3OTI2MjA0MTcyNTc4Nw==,6582,1,0
task_NTk4MTM3OTI2MjAyNzcyNTgwOA==,6577,1,0
task_NTk4MTM3OTI2MjAyNzcyNTgwOQ==,6572,1,0
task_NTk4MTM3OTI2MjAyNzcyNTgxNg==,6578,1,0
task_NTk4MTM3OTI2MjAyNzcyNTgxNw==,6582,1,0
task_NTk4MTM3OTI2MjAyNzcyNTgxOA==,6550,1,0
task_NTk4MTM3OTI2MjAyNzcyNTgxOQ==,6551,1,0
task_NTk4MTM3OTI2MjAyNzcyNTgyMA==,6578,1,0
task_NTk4MTM3OTI2MjAyNzcyNTgyMQ==,6548,1,0
task_NTk4MTM3OTI2MjAyNzcyNTgyMg==,6586,1,0
task_NTk4MTM3OTI2MjAyNzcyNTgyMw==,6575,1,0
task_NTk4MTM3OTI2MjAyODcyNTgxMA==,6602,1,0
task_NTk4MTM3OTI2MjAyODcyNTgxMQ==,6574,1,0
task_NTk4MTM3OTI2MjAyODcyNTgxNg==,6578,1,0
task_NTk4MTM3OTI2MjAyODcyNTgxNw==,6582,1,0
task_NTk4MTM3OTI2MjAyODcyNTgxOA==,6577,1,0
task_NTk4MTM3OTI2MjAyODcyNTgxOQ==,6581,1,0
task_NTk4MTM3OTI2MjAyODcyNTgyMA==,6575,1,0
task_NTk4MTM3OTI2MjAyODcyNTgyMQ==,6577,1,0
task_NTk4MTM3OTI2MjAyODcyNTgyMg==,6577,1,0
task_NTk4MTM3OTI2MjAyODcyNTgyMw==,6586,1,0
task_NzQ3MjEzNzg0MzE5NDE5NzM1Mg==,4153894,7447,1560
task_NzkwNTc4MjA2ODI2MzE3NzU4MQ==,10248546,717,145
task_ODI0NzAxNTU2MTczMTI5NTMz,523593,64,12
task_ODYxMjMxNDk1MDc1MjA1MzYzNw==,224786,1,0
task_ODYxMjMxNDk1MDc1MjA1MzYzOA==,219428,1,0
task_ODYxMjMxNDk1MDc1MjA1MzYzOQ==,178841,1,0
task_ODYzMjgxNTM3NDQ2NzUwMjQxMg==,7752738,31633,9313
task_ODYzMjgxNjM3NDU5NTUwMjc5MA==,7579376,23582,3587
task_ODg3NTU4NTE3NDcxODA4NjA5Ng==,46821925,7151,2477
task_ODk2MzU0ODg1MTY5MTExNTUwMg==,960,1339,379
task_OTg1NjA1OTIxMzA4ODkxNg==,4385888,35042,5812
