m_1	586
m_10	250
m_100	255
m_1000	140
m_1002	277
m_1004	586
m_1006	212
m_1008	261
m_1011	233
m_1013	418
m_1015	200
m_1017	501
m_1019	561
m_102	205
m_1020	249
m_1022	518
m_1024	250
m_1026	218
m_1028	585
m_1031	164
m_1033	268
m_1035	578
m_1037	499
m_1039	264
m_104	707
m_1042	546
m_1044	263
m_1046	222
m_1048	524
m_1051	127
m_1053	544
m_1055	221
m_1057	262
m_1059	484
m_106	679
m_1060	229
m_1062	164
m_1064	395
m_1066	288
m_1068	317
m_1071	546
m_1073	604
m_1075	132
m_1079	325
m_108	201
m_1080	231
m_1082	305
m_1084	283
m_1088	302
m_1091	294
m_1093	400
m_1095	490
m_1097	296
m_1099	396
m_1101	524
m_1103	480
m_1105	592
m_1107	250
m_1109	251
m_111	382
m_1110	218
m_1112	200
m_1114	653
m_1116	400
m_1118	286
m_1121	324
m_1123	300
m_1125	259
m_1127	551
m_1129	302
m_113	275
m_1130	565
m_1132	148
m_1134	300
m_1136	267
m_1138	200
m_1141	270
m_1143	1017
m_1145	147
m_1147	347
m_1149	200
m_115	310
m_1150	189
m_1152	293
m_1154	264
m_1156	701
m_1158	496
m_1161	271
m_1163	496
m_1165	273
m_1167	538
m_1169	300
m_117	627
m_1170	257
m_1172	220
m_1174	602
m_1176	587
m_1178	534
m_1181	655
m_1183	611
m_1185	476
m_1187	169
m_1189	281
m_119	545
m_1190	269
m_1192	444
m_1194	465
m_1196	286
m_1198	349
m_120	327
m_1200	268
m_1202	495
m_1204	684
m_1206	202
m_1208	268
m_1211	264
m_1213	258
m_1215	239
m_1217	289
m_1219	287
m_122	303
m_1220	255
m_1222	275
m_1224	200
m_1226	282
m_1231	501
m_1233	281
m_1235	238
m_1237	240
m_1239	273
m_124	330
m_1240	501
m_1242	200
m_1244	523
m_1246	297
m_1248	289
m_1251	228
m_1253	138
m_1255	300
m_1257	318
m_1259	286
m_126	270
m_1260	303
m_1262	551
m_1264	340
m_1266	387
m_1268	278
m_1271	434
m_1273	258
m_1275	344
m_1277	415
m_1279	227
m_1280	348
m_1282	244
m_1284	149
m_1286	543
m_1288	200
m_1291	203
m_1293	231
m_1295	254
m_1297	352
m_1301	179
m_1303	621
m_1305	443
m_1307	499
m_1309	185
m_131	170
m_1310	239
m_1312	273
m_1314	400
m_1316	264
m_1318	428
m_1321	429
m_1323	500
m_1325	268
m_1327	484
m_1329	478
m_133	582
m_1330	276
m_1332	250
m_1334	273
m_1336	217
m_1338	356
m_1341	551
m_1343	200
m_1345	300
m_1347	222
m_1349	317
m_135	300
m_1352	145
m_1354	284
m_1356	196
m_1358	173
m_1361	263
m_1363	300
m_1365	603
m_1367	377
m_1369	280
m_137	233
m_1370	219
m_1372	280
m_1374	155
m_1376	306
m_1378	164
m_1381	247
m_1383	236
m_1385	496
m_1387	332
m_1389	772
m_139	849
m_1390	295
m_1394	300
m_1396	670
m_1398	248
m_14	263
m_140	305
m_1400	244
m_1402	499
m_1404	254
m_1408	513
m_1411	250
m_1413	245
m_1415	272
m_1417	609
m_1419	200
m_142	414
m_1420	478
m_1422	271
m_1424	287
m_1426	400
m_1428	270
m_1431	264
m_1433	410
m_1435	200
m_1437	289
m_1439	171
m_144	301
m_1442	611
m_1444	300
m_1446	200
m_1448	558
m_1451	518
m_1453	655
m_1455	150
m_1457	191
m_1459	371
m_146	300
m_1460	311
m_1462	288
m_1464	493
m_1466	255
m_1468	277
m_1471	223
m_1473	237
m_1475	270
m_1479	579
m_148	1120
m_1480	317
m_1482	380
m_1484	297
m_1486	249
m_1488	529
m_1491	286
m_1493	268
m_1497	276
m_1499	200
m_1501	479
m_1503	250
m_1505	269
m_1507	267
m_1509	300
m_1510	274
m_1512	439
m_1514	247
m_1516	531
m_1518	289
m_1521	261
m_1523	469
m_1525	480
m_1527	300
m_1529	282
m_153	304
m_1532	256
m_1534	240
m_1536	247
m_1538	275
m_1541	261
m_1543	618
m_1545	539
m_1547	493
m_155	523
m_1550	251
m_1552	275
m_1554	300
m_1556	448
m_1558	278
m_1561	509
m_1563	330
m_1565	573
m_1567	244
m_1569	200
m_157	604
m_1570	250
m_1572	275
m_1574	220
m_1576	400
m_1578	439
m_1581	300
m_1585	332
m_1589	161
m_159	260
m_1590	600
m_1592	321
m_1594	300
m_1596	287
m_1598	317
m_16	223
m_160	602
m_1600	200
m_1602	262
m_1604	354
m_1606	200
m_1608	422
m_1611	267
m_1613	247
m_1615	328
m_1617	200
m_1619	393
m_162	581
m_1620	300
m_1622	139
m_1626	272
m_1628	200
m_1631	499
m_1633	185
m_1635	200
m_1637	480
m_1639	275
m_164	173
m_1640	275
m_1642	601
m_1644	300
m_1646	307
m_1648	676
m_1651	274
m_1653	557
m_1655	494
m_1657	296
m_1659	564
m_166	282
m_1660	250
m_1662	692
m_1664	196
m_1666	356
m_1671	257
m_1673	151
m_1675	288
m_1677	456
m_1679	276
m_168	640
m_1680	499
m_1682	627
m_1684	585
m_1686	486
m_1688	625
m_1691	300
m_1693	153
m_1695	238
m_1697	301
m_1699	179
m_1701	455
m_1703	463
m_1705	200
m_1707	522
m_1709	317
m_171	251
m_1710	236
m_1712	259
m_1714	300
m_1716	201
m_1718	1211
m_1721	490
m_1723	244
m_1725	250
m_1727	267
m_1729	328
m_173	194
m_1730	470
m_1732	257
m_1734	200
m_1736	277
m_1738	238
m_1741	689
m_1743	266
m_1745	246
m_1747	297
m_1749	330
m_175	499
m_1750	494
m_1754	224
m_1756	466
m_1758	778
m_1761	262
m_1763	300
m_1765	270
m_1767	587
m_1769	1051
m_177	179
m_1770	202
m_1772	500
m_1774	271
m_1776	300
m_1778	536
m_1781	1030
m_1783	200
m_1785	596
m_1787	493
m_1789	259
m_179	337
m_1790	162
m_1792	276
m_1794	529
m_1796	179
m_18	414
m_180	546
m_1800	366
m_1804	278
m_1806	172
m_1811	497
m_1813	200
m_1815	250
m_1817	300
m_1819	200
m_182	268
m_1820	295
m_1822	132
m_1824	215
m_1826	463
m_1828	215
m_1831	259
m_1833	528
m_1835	448
m_1837	286
m_1839	602
m_184	647
m_1840	464
m_1842	249
m_1844	182
m_1848	519
m_1851	267
m_1853	248
m_1855	272
m_1857	275
m_1859	170
m_186	250
m_1860	399
m_1862	436
m_1864	300
m_1866	400
m_1868	203
m_1871	279
m_1873	458
m_1875	590
m_1877	234
m_1879	200
m_1880	295
m_1882	308
m_1884	497
m_1886	218
m_1888	254
m_1891	217
m_1893	242
m_1897	339
m_1899	300
m_1901	399
m_1903	443
m_1905	241
m_1907	475
m_1909	200
m_191	311
m_1910	500
m_1912	207
m_1916	270
m_1918	166
m_1921	522
m_1923	256
m_1925	242
m_1927	327
m_1929	607
m_1930	539
m_1932	140
m_1934	560
m_1936	607
m_1938	264
m_1941	300
m_1943	267
m_1945	526
m_1947	482
m_1949	460
m_195	273
m_1950	213
m_1952	611
m_1954	446
m_1956	188
m_1958	511
m_1961	327
m_1963	256
m_1967	200
m_1969	1133
m_197	599
m_1970	755
m_1972	200
m_1974	520
m_1976	322
m_1978	250
m_1981	530
m_1983	228
m_1985	561
m_1987	512
m_1989	289
m_199	300
m_1990	400
m_1992	556
m_1994	565
m_1996	302
m_2003	189
m_2005	150
m_2007	270
m_2009	299
m_201	300
m_2010	528
m_2012	212
m_2014	279
m_2016	602
m_2018	545
m_2021	642
m_2023	173
m_2025	452
m_2027	334
m_2029	570
m_203	200
m_2030	365
m_2032	166
m_2034	307
m_2036	237
m_2038	292
m_2041	310
m_2043	534
m_2045	200
m_2047	300
m_205	454
m_2050	283
m_2052	270
m_2054	228
m_2058	229
m_2061	426
m_2063	652
m_2065	229
m_2067	583
m_2069	237
m_207	270
m_2072	256
m_2074	166
m_2076	520
m_2078	300
m_2081	138
m_2083	200
m_2089	238
m_209	150
m_2090	197
m_2092	311
m_2094	555
m_2096	263
m_2098	261
m_21	506
m_210	249
m_2100	447
m_2102	275
m_2104	203
m_2106	285
m_2108	131
m_2111	537
m_2113	400
m_2115	285
m_2117	636
m_2119	382
m_212	642
m_2120	400
m_2122	457
m_2124	276
m_2126	301
m_2128	177
m_2131	277
m_2133	674
m_2135	462
m_2137	300
m_2139	572
m_214	277
m_2140	236
m_2142	300
m_2144	677
m_2146	585
m_2148	263
m_2151	272
m_2153	541
m_2157	300
m_2159	586
m_216	516
m_2160	400
m_2162	547
m_2164	338
m_2166	449
m_2168	522
m_2171	300
m_2173	309
m_2177	243
m_2179	522
m_218	116
m_2180	304
m_2182	200
m_2184	300
m_2186	246
m_2188	534
m_2191	252
m_2193	646
m_2195	185
m_2197	532
m_2199	262
m_2201	277
m_2203	481
m_2205	536
m_2207	508
m_2209	535
m_221	158
m_2210	363
m_2212	293
m_2216	291
m_2218	128
m_2223	278
m_2225	183
m_2227	514
m_2229	300
m_223	597
m_2230	254
m_2232	271
m_2234	232
m_2236	535
m_2238	195
m_2243	496
m_2245	167
m_2247	257
m_2249	288
m_2250	258
m_2252	576
m_2254	293
m_2256	663
m_2258	189
m_2261	267
m_2263	270
m_2265	292
m_2267	728
m_2269	302
m_227	187
m_2270	552
m_2272	300
m_2274	271
m_2276	543
m_2278	290
m_2283	442
m_2285	482
m_2287	595
m_2289	572
m_229	467
m_2290	285
m_2292	340
m_2294	300
m_2296	176
m_2298	273
m_23	282
m_230	285
m_2300	300
m_2302	233
m_2304	526
m_2306	536
m_2308	200
m_2311	237
m_2313	516
m_2317	246
m_2319	246
m_232	175
m_2320	576
m_2322	533
m_2326	292
m_2328	522
m_2331	300
m_2333	292
m_2335	268
m_2337	169
m_2339	617
m_234	301
m_2340	476
m_2344	236
m_2346	300
m_2348	148
m_2351	432
m_2353	804
m_2355	545
m_2357	182
m_2359	272
m_236	511
m_2360	237
m_2362	232
m_2364	187
m_2366	263
m_2368	315
m_2371	220
m_2373	147
m_2379	273
m_238	188
m_2380	289
m_2382	152
m_2384	487
m_2386	300
m_2388	284
m_2391	271
m_2393	579
m_2395	271
m_2397	150
m_2401	222
m_2403	177
m_2405	302
m_2407	608
m_2409	483
m_241	267
m_2410	400
m_2412	260
m_2414	538
m_2416	274
m_2418	233
m_2421	258
m_2423	117
m_2425	275
m_2427	545
m_2429	273
m_243	166
m_2430	291
m_2432	692
m_2434	292
m_2436	233
m_2438	335
m_2441	477
m_2443	563
m_2445	250
m_2447	400
m_2449	537
m_245	236
m_2450	592
m_2452	245
m_2454	419
m_2456	416
m_2458	256
m_2461	400
m_2463	206
m_2467	228
m_2469	242
m_247	241
m_2470	542
m_2472	300
m_2474	236
m_2476	277
m_2478	171
m_2481	209
m_2483	175
m_2485	556
m_2487	1032
m_2489	275
m_249	240
m_2490	278
m_2492	239
m_2494	278
m_2496	711
m_2498	451
m_25	298
m_250	554
m_2500	284
m_2502	205
m_2504	801
m_2506	200
m_2508	446
m_2511	278
m_2513	431
m_2515	659
m_2517	275
m_2519	270
m_252	288
m_2520	248
m_2522	391
m_2524	300
m_2526	217
m_2528	315
m_2531	211
m_2533	474
m_2535	186
m_2537	552
m_2539	271
m_254	936
m_2542	283
m_2544	200
m_2546	282
m_2548	300
m_2551	264
m_2553	222
m_2555	406
m_2557	576
m_2559	253
m_256	849
m_2560	268
m_2562	253
m_2564	294
m_2566	289
m_2568	294
m_2571	524
m_2573	166
m_2575	250
m_2577	481
m_2579	586
m_258	229
m_2580	143
m_2582	274
m_2584	281
m_2586	615
m_2588	266
m_2591	284
m_2593	255
m_2595	755
m_2597	607
m_2599	604
m_2601	268
m_2603	280
m_2605	363
m_2607	242
m_2609	200
m_261	200
m_2610	300
m_2612	279
m_2614	548
m_2616	200
m_2618	300
m_2621	278
m_2623	200
m_2625	472
m_2627	249
m_2629	295
m_263	276
m_2630	292
m_2632	265
m_2634	273
m_2636	458
m_2638	295
m_2641	278
m_2643	512
m_2645	455
m_2647	438
m_2649	632
m_265	300
m_2650	484
m_2652	187
m_2654	485
m_2656	553
m_2658	496
m_2661	446
m_2663	697
m_2665	212
m_2667	570
m_2669	318
m_267	345
m_2670	351
m_2672	265
m_2674	154
m_2676	277
m_2678	181
m_2681	286
m_2683	200
m_2685	250
m_2687	225
m_2689	496
m_269	291
m_2690	300
m_2692	300
m_2694	406
m_2696	272
m_2698	523
m_27	545
m_270	278
m_2700	260
m_2702	267
m_2704	284
m_2706	354
m_2708	157
m_2711	200
m_2713	234
m_2717	300
m_2719	559
m_272	400
m_2720	218
m_2722	236
m_2724	181
m_2726	238
m_2728	428
m_2731	361
m_2733	252
m_2735	188
m_2737	287
m_274	240
m_2740	464
m_2742	200
m_2744	278
m_2746	178
m_2748	513
m_2753	633
m_2755	557
m_2757	273
m_2759	585
m_2760	232
m_2762	704
m_2764	415
m_2766	580
m_2768	514
m_2771	203
m_2773	311
m_2775	166
m_2777	200
m_2779	259
m_278	277
m_2780	1017
m_2782	281
m_2784	323
m_2786	279
m_2788	490
m_2791	201
m_2793	271
m_2795	273
m_2799	484
m_2801	609
m_2803	706
m_2805	272
m_2807	221
m_2809	576
m_281	297
m_2810	285
m_2812	193
m_2814	478
m_2816	264
m_2818	200
m_2821	272
m_2825	268
m_2827	498
m_2829	276
m_283	533
m_2830	200
m_2832	171
m_2834	270
m_2836	649
m_2838	450
m_2841	595
m_2843	577
m_2845	265
m_2847	445
m_285	547
m_2850	242
m_2852	550
m_2854	280
m_2856	208
m_2858	236
m_2861	145
m_2863	394
m_2865	284
m_2867	264
m_2870	344
m_2872	543
m_2874	289
m_2876	180
m_2881	516
m_2883	267
m_2885	316
m_2887	411
m_2889	665
m_289	193
m_2890	263
m_2892	670
m_2894	449
m_2896	545
m_2898	300
m_29	233
m_290	228
m_2900	504
m_2902	573
m_2904	384
m_2906	583
m_2908	219
m_2911	300
m_2913	261
m_2915	528
m_2917	260
m_2919	465
m_292	271
m_2920	200
m_2922	457
m_2924	250
m_2926	245
m_2928	509
m_2931	186
m_2933	244
m_2935	200
m_2937	592
m_2939	375
m_294	225
m_2940	841
m_2942	252
m_2944	292
m_2946	330
m_2948	244
m_2951	727
m_2953	182
m_2955	161
m_2957	471
m_2959	259
m_296	200
m_2960	589
m_2966	286
m_2968	192
m_2971	612
m_2973	358
m_2975	748
m_2977	616
m_2979	263
m_298	443
m_2980	691
m_2982	266
m_2986	284
m_2988	158
m_2991	620
m_2993	259
m_2995	267
m_2997	262
m_2999	276
m_3	537
m_30	238
m_300	590
m_3000	273
m_3002	294
m_3004	484
m_3008	246
m_3011	196
m_3013	235
m_3015	258
m_3017	300
m_3019	300
m_302	288
m_3020	279
m_3022	242
m_3024	242
m_3026	539
m_3028	225
m_3031	212
m_3033	250
m_3035	204
m_3037	151
m_304	322
m_3040	263
m_3042	293
m_3044	250
m_3046	318
m_3048	200
m_3051	216
m_3053	171
m_3055	155
m_3057	717
m_3059	623
m_3060	234
m_3062	600
m_3064	197
m_3066	149
m_3068	456
m_3071	259
m_3073	256
m_3077	243
m_3079	300
m_308	590
m_3080	660
m_3082	292
m_3084	200
m_3086	305
m_3088	464
m_3091	265
m_3093	254
m_3095	237
m_3097	615
m_3099	300
m_3101	286
m_3103	227
m_3105	582
m_3107	259
m_3109	557
m_311	619
m_3110	523
m_3112	166
m_3116	544
m_3121	379
m_3123	537
m_3127	175
m_3129	200
m_313	507
m_3130	863
m_3132	460
m_3134	284
m_3136	200
m_3138	166
m_3141	256
m_3143	184
m_3145	277
m_3147	289
m_3149	626
m_315	316
m_3150	281
m_3152	277
m_3154	185
m_3156	255
m_3158	300
m_3161	289
m_3163	307
m_3165	227
m_3167	197
m_3169	576
m_3172	200
m_3174	300
m_3176	128
m_3178	559
m_3181	200
m_3183	191
m_3185	233
m_3187	504
m_3189	257
m_319	272
m_3190	351
m_3192	350
m_3196	275
m_3198	272
m_32	236
m_320	147
m_3200	271
m_3202	250
m_3204	290
m_3206	317
m_3208	247
m_3211	515
m_3213	539
m_3215	168
m_3219	166
m_322	166
m_3220	478
m_3222	228
m_3224	186
m_3226	279
m_3228	167
m_3231	503
m_3233	150
m_3237	660
m_3239	260
m_324	623
m_3240	526
m_3242	269
m_3244	429
m_3246	563
m_3248	565
m_3253	734
m_3255	509
m_3259	252
m_326	552
m_3260	200
m_3262	239
m_3264	200
m_3266	498
m_3273	254
m_3279	245
m_328	254
m_3280	199
m_3282	546
m_3284	187
m_3286	267
m_3288	661
m_3291	328
m_3293	264
m_3295	289
m_3297	166
m_3299	249
m_3301	322
m_3303	242
m_3305	354
m_3309	261
m_331	278
m_3310	317
m_3312	434
m_3314	200
m_3316	220
m_3318	281
m_3321	190
m_3323	361
m_3325	347
m_3327	643
m_3329	592
m_333	523
m_3330	271
m_3334	441
m_3338	276
m_3341	200
m_3343	463
m_3345	303
m_3347	275
m_3349	271
m_335	186
m_3350	163
m_3354	281
m_3356	543
m_3358	263
m_3361	1060
m_3363	301
m_3365	150
m_3367	300
m_3369	687
m_337	269
m_3370	518
m_3372	429
m_3374	250
m_3376	523
m_3378	289
m_3381	487
m_3383	645
m_3385	594
m_3387	300
m_3389	293
m_339	200
m_3390	257
m_3392	634
m_3394	279
m_3396	520
m_3398	265
m_34	258
m_340	585
m_3400	525
m_3402	223
m_3406	300
m_3408	672
m_3411	304
m_3413	203
m_3415	263
m_3419	250
m_3420	667
m_3426	290
m_3428	275
m_3431	263
m_3433	269
m_3435	539
m_3437	266
m_3439	262
m_344	276
m_3440	356
m_3442	200
m_3444	277
m_3446	267
m_3448	283
m_3451	660
m_3453	488
m_3455	312
m_3457	993
m_3459	300
m_346	201
m_3460	595
m_3462	249
m_3464	200
m_3466	364
m_3471	432
m_3473	263
m_3475	447
m_3479	276
m_348	501
m_3480	525
m_3482	563
m_3484	661
m_3486	274
m_3488	286
m_3493	511
m_3495	260
m_3497	200
m_3501	419
m_3503	281
m_3505	242
m_3507	200
m_3509	191
m_351	300
m_3510	281
m_3512	198
m_3514	277
m_3516	262
m_3518	250
m_3521	207
m_3523	296
m_3525	166
m_3527	124
m_3529	400
m_353	272
m_3530	495
m_3534	569
m_3536	464
m_3538	552
m_3541	476
m_3543	276
m_3545	585
m_3549	150
m_355	596
m_3550	518
m_3554	559
m_3556	498
m_3558	535
m_3561	300
m_3563	963
m_3565	133
m_3567	505
m_3569	539
m_357	200
m_3570	120
m_3572	273
m_3574	300
m_3576	207
m_3578	255
m_3581	250
m_3583	300
m_3585	393
m_3587	274
m_3589	470
m_359	166
m_3590	143
m_3592	300
m_3594	312
m_3596	543
m_3598	278
m_36	598
m_360	617
m_3600	325
m_3602	186
m_3604	271
m_3608	273
m_3611	289
m_3613	458
m_3615	200
m_3617	489
m_3619	473
m_362	191
m_3622	666
m_3624	510
m_3626	238
m_3628	250
m_3631	200
m_3633	265
m_3635	227
m_3637	276
m_3639	222
m_364	506
m_3640	728
m_3642	262
m_3644	273
m_3646	253
m_3648	200
m_3653	317
m_3655	200
m_3657	566
m_3659	250
m_366	288
m_3660	221
m_3664	161
m_3666	254
m_3668	647
m_3671	524
m_3673	510
m_3675	678
m_3677	278
m_3679	474
m_368	301
m_3680	233
m_3682	220
m_3684	144
m_3686	972
m_3688	347
m_3691	335
m_3693	452
m_3695	447
m_3697	179
m_3699	315
m_3701	257
m_3703	245
m_3705	379
m_3707	284
m_3709	255
m_371	200
m_3710	388
m_3712	200
m_3714	228
m_3716	200
m_3718	500
m_3721	313
m_3723	679
m_3725	207
m_3727	164
m_3729	222
m_373	268
m_3730	307
m_3732	576
m_3734	272
m_3736	248
m_3738	257
m_3743	592
m_3745	210
m_3747	441
m_3749	359
m_375	200
m_3750	505
m_3752	272
m_3754	300
m_3756	275
m_3758	174
m_3761	607
m_3763	178
m_3765	774
m_3767	286
m_3769	333
m_377	423
m_3770	185
m_3772	492
m_3774	248
m_3776	304
m_3778	211
m_3781	140
m_3783	272
m_3785	255
m_3787	200
m_3789	449
m_379	300
m_3790	250
m_3792	520
m_3794	250
m_3796	249
m_3798	600
m_38	178
m_380	253
m_3800	326
m_3802	269
m_3804	150
m_3806	270
m_3808	205
m_3811	514
m_3813	300
m_3815	482
m_3817	148
m_3819	274
m_382	605
m_3820	513
m_3822	267
m_3824	253
m_3826	505
m_3828	284
m_3831	271
m_3833	617
m_3835	225
m_3837	400
m_3839	191
m_384	289
m_3840	264
m_3842	300
m_3844	168
m_3846	531
m_3851	240
m_3853	273
m_3855	397
m_3857	146
m_3859	200
m_3860	304
m_3862	270
m_3864	304
m_3866	285
m_3868	220
m_3873	394
m_3875	193
m_3877	259
m_3879	282
m_388	268
m_3880	249
m_3882	506
m_3884	491
m_3886	306
m_3888	233
m_3891	259
m_3893	324
m_3895	264
m_3897	668
m_3899	451
m_3901	193
m_3903	952
m_3905	295
m_3909	300
m_391	297
m_3910	276
m_3912	181
m_3914	624
m_3916	200
m_3918	233
m_3921	200
m_3923	379
m_3925	292
m_3927	197
m_3929	273
m_393	231
m_3930	230
m_3932	247
m_3934	263
m_3936	281
m_3938	502
m_3941	512
m_3943	595
m_3945	292
m_3947	256
m_3949	200
m_395	567
m_3950	271
m_3952	250
m_3954	250
m_3956	617
m_3958	200
m_3961	184
m_3963	587
m_3965	203
m_3967	604
m_3969	467
m_397	884
m_3970	586
m_3972	150
m_3974	249
m_3976	261
m_3978	244
m_3983	164
m_3987	200
m_3989	447
m_399	119
m_3990	161
m_3992	200
m_3994	648
m_3996	283
m_3998	597
m_4001	626
m_4003	358
m_4005	300
m_4007	537
m_4009	303
m_401	173
m_4010	300
m_4012	340
m_4014	252
m_4016	102
m_4018	145
m_4021	253
m_4023	218
m_4027	349
m_4029	289
m_403	267
m_4030	597
m_4032	274
m_4034	209
m_405	673
m_407	200
m_409	286
m_41	347
m_410	247
m_412	493
m_414	216
m_416	524
m_418	341
m_421	271
m_423	226
m_425	487
m_427	290
m_429	1013
m_43	546
m_430	222
m_434	251
m_436	612
m_438	288
m_441	286
m_443	256
m_445	611
m_447	553
m_449	657
m_450	599
m_452	471
m_454	584
m_456	270
m_458	350
m_461	294
m_463	254
m_465	141
m_467	210
m_469	241
m_47	501
m_470	300
m_472	481
m_474	568
m_476	270
m_478	169
m_481	494
m_483	584
m_485	441
m_487	272
m_489	281
m_49	494
m_490	492
m_492	286
m_494	199
m_496	314
m_498	254
m_5	243
m_50	184
m_500	685
m_502	685
m_504	156
m_506	222
m_508	524
m_511	243
m_513	300
m_515	156
m_517	886
m_519	218
m_52	277
m_520	153
m_522	488
m_524	585
m_526	151
m_528	158
m_531	132
m_533	293
m_535	286
m_537	492
m_539	1102
m_54	466
m_540	429
m_542	705
m_544	310
m_546	250
m_548	251
m_551	166
m_553	570
m_555	266
m_557	249
m_559	162
m_56	210
m_562	364
m_564	200
m_566	168
m_568	462
m_571	487
m_573	237
m_575	636
m_577	443
m_579	320
m_58	254
m_580	221
m_582	509
m_584	281
m_586	208
m_588	560
m_591	296
m_593	173
m_595	348
m_597	607
m_599	289
m_601	245
m_603	322
m_607	238
m_609	551
m_61	431
m_610	271
m_612	552
m_616	533
m_621	157
m_625	242
m_627	231
m_629	310
m_63	175
m_630	587
m_632	535
m_634	344
m_638	242
m_641	299
m_643	202
m_645	701
m_647	236
m_649	206
m_65	244
m_650	200
m_652	185
m_654	253
m_656	273
m_658	264
m_661	291
m_663	225
m_665	363
m_667	300
m_670	302
m_672	235
m_674	580
m_676	248
m_678	685
m_681	150
m_683	269
m_685	256
m_687	263
m_69	253
m_690	1137
m_692	200
m_694	200
m_696	444
m_698	254
m_7	270
m_70	568
m_700	504
m_702	200
m_704	348
m_706	139
m_708	609
m_711	311
m_713	210
m_715	257
m_717	466
m_719	308
m_72	457
m_720	300
m_722	295
m_724	282
m_728	270
m_731	282
m_733	226
m_735	665
m_737	232
m_739	432
m_74	514
m_742	549
m_744	214
m_746	613
m_748	245
m_751	548
m_753	232
m_755	149
m_757	240
m_759	293
m_76	575
m_760	224
m_762	200
m_764	458
m_766	481
m_768	171
m_771	290
m_773	294
m_775	300
m_777	602
m_779	277
m_780	300
m_782	138
m_786	239
m_791	448
m_793	287
m_795	387
m_799	224
m_801	200
m_803	200
m_805	463
m_807	480
m_809	162
m_81	407
m_810	549
m_812	217
m_814	496
m_816	167
m_818	525
m_821	277
m_823	539
m_825	279
m_827	635
m_829	199
m_83	314
m_830	742
m_832	300
m_834	288
m_838	157
m_841	245
m_843	262
m_845	300
m_847	327
m_849	482
m_85	294
m_850	235
m_852	276
m_854	161
m_856	165
m_858	288
m_861	244
m_863	154
m_865	217
m_867	539
m_869	238
m_87	270
m_870	477
m_872	430
m_874	200
m_876	254
m_878	126
m_881	452
m_883	533
m_885	252
m_887	200
m_889	300
m_89	514
m_890	241
m_892	681
m_894	470
m_896	198
m_898	245
m_9	196
m_90	216
m_900	259
m_902	285
m_904	659
m_906	577
m_911	194
m_913	574
m_915	200
m_917	288
m_919	288
m_92	677
m_920	321
m_922	269
m_926	270
m_928	266
m_931	237
m_933	378
m_935	300
m_937	158
m_939	242
m_940	231
m_942	300
m_944	278
m_948	507
m_951	243
m_953	290
m_955	296
m_959	347
m_96	644
m_960	300
m_962	271
m_964	237
m_966	327
m_968	242
m_971	382
m_973	257
m_975	200
m_977	624
m_979	164
m_98	261
m_980	256
m_984	516
m_986	234
m_988	563
m_991	275
m_993	200
m_995	599
m_997	153
m_999	200
m_1001	153
m_1003	376
m_1005	259
m_1007	261
m_1009	616
m_101	239
m_1010	235
m_1012	662
m_1014	165
m_1016	185
m_1018	300
m_1021	295
m_1023	200
m_1025	300
m_1027	166
m_1029	463
m_103	282
m_1030	536
m_1032	230
m_1034	571
m_1036	246
m_1038	251
m_1041	250
m_1043	303
m_1045	140
m_1047	282
m_1049	323
m_105	266
m_1050	242
m_1052	478
m_1054	250
m_1056	200
m_1058	194
m_1061	300
m_1063	603
m_1065	209
m_1067	300
m_1069	300
m_107	259
m_1070	207
m_1072	400
m_1076	692
m_1078	354
m_1081	551
m_1083	245
m_1085	282
m_1087	163
m_1089	258
m_109	260
m_1092	200
m_1094	524
m_1096	258
m_1098	257
m_11	283
m_110	576
m_1100	282
m_1102	515
m_1104	252
m_1106	192
m_1108	574
m_1113	166
m_1115	333
m_1117	250
m_1119	496
m_112	300
m_1122	561
m_1126	281
m_1128	828
m_1131	200
m_1133	246
m_1135	512
m_1137	151
m_1139	478
m_114	291
m_1140	308
m_1144	300
m_1146	438
m_1148	202
m_1151	175
m_1153	533
m_1155	255
m_1157	266
m_1159	194
m_116	300
m_1160	142
m_1162	228
m_1164	300
m_1166	300
m_1168	486
m_1171	266
m_1175	205
m_1177	268
m_1179	248
m_118	183
m_1180	276
m_1182	296
m_1184	302
m_1186	295
m_1188	190
m_1191	642
m_1193	200
m_1195	193
m_1197	957
m_1199	562
m_1201	550
m_1203	559
m_1205	577
m_1207	262
m_1209	496
m_1210	522
m_1212	284
m_1214	263
m_1216	466
m_1218	223
m_1221	200
m_1223	300
m_1225	292
m_1227	573
m_1230	400
m_1232	359
m_1234	376
m_1236	339
m_1238	200
m_1241	133
m_1243	150
m_1245	395
m_1247	240
m_1249	524
m_125	231
m_1250	527
m_1252	267
m_1254	247
m_1256	498
m_1258	1073
m_1261	236
m_1263	631
m_1265	200
m_1267	622
m_1269	232
m_127	163
m_1270	591
m_1272	339
m_1274	498
m_1278	233
m_1281	501
m_1283	314
m_1285	284
m_1287	581
m_1289	496
m_129	186
m_1290	314
m_1292	300
m_1294	508
m_1296	264
m_1298	200
m_13	654
m_130	192
m_1300	150
m_1302	300
m_1304	300
m_1308	245
m_1311	158
m_1313	312
m_1315	530
m_1317	976
m_1319	433
m_132	183
m_1320	282
m_1322	232
m_1324	477
m_1326	635
m_1328	195
m_1331	271
m_1333	179
m_1335	613
m_1337	200
m_1339	207
m_134	277
m_1340	628
m_1342	254
m_1344	178
m_1346	284
m_1348	460
m_1351	1157
m_1353	202
m_1355	594
m_1357	145
m_136	190
m_1360	334
m_1362	1151
m_1364	280
m_1366	551
m_1368	596
m_1371	291
m_1373	238
m_1375	330
m_1377	281
m_1379	496
m_138	258
m_1380	252
m_1382	254
m_1384	241
m_1386	225
m_1388	175
m_1391	189
m_1393	200
m_1395	190
m_1397	261
m_1399	265
m_1401	200
m_1403	271
m_1405	517
m_1407	197
m_1409	243
m_141	305
m_1410	269
m_1412	186
m_1414	247
m_1416	351
m_1418	479
m_1421	268
m_1425	609
m_1427	599
m_1429	200
m_143	263
m_1430	238
m_1432	283
m_1434	300
m_1436	491
m_1438	465
m_1441	481
m_1443	580
m_1445	676
m_1447	474
m_1449	306
m_145	565
m_1450	304
m_1452	463
m_1454	257
m_1456	280
m_1458	709
m_1461	200
m_1465	508
m_1467	504
m_1469	300
m_147	334
m_1470	242
m_1472	282
m_1476	517
m_1478	315
m_1481	495
m_1485	416
m_1489	296
m_149	270
m_1490	261
m_1492	400
m_1494	228
m_1496	776
m_1498	291
m_15	180
m_150	139
m_1500	335
m_1502	274
m_1504	258
m_1506	586
m_1508	200
m_1511	1248
m_1513	251
m_1515	485
m_1517	200
m_1519	150
m_152	266
m_1520	170
m_1522	239
m_1524	300
m_1526	151
m_1528	120
m_1531	254
m_1533	490
m_1535	538
m_1537	459
m_1539	280
m_154	206
m_1540	187
m_1542	234
m_1544	231
m_1546	255
m_1548	246
m_1551	300
m_1553	300
m_1555	534
m_1557	400
m_1559	517
m_156	615
m_1560	272
m_1562	585
m_1566	226
m_1568	192
m_1573	529
m_1575	179
m_1577	316
m_1579	466
m_158	265
m_1580	487
m_1582	599
m_1584	409
m_1586	255
m_1588	175
m_1591	496
m_1593	428
m_1595	221
m_1597	295
m_1599	229
m_1601	508
m_1603	376
m_1605	184
m_1607	286
m_1609	299
m_161	681
m_1610	202
m_1612	180
m_1614	285
m_1616	245
m_1618	285
m_1621	237
m_1623	248
m_1625	300
m_1627	300
m_1629	200
m_163	269
m_1630	288
m_1632	282
m_1634	256
m_1636	201
m_1638	277
m_1641	265
m_1643	300
m_1645	413
m_1647	276
m_1649	238
m_165	673
m_1650	300
m_1652	297
m_1654	200
m_1656	290
m_1658	213
m_1661	251
m_1663	579
m_1665	279
m_1667	564
m_1669	513
m_167	145
m_1670	281
m_1672	254
m_1674	1135
m_1676	161
m_1678	467
m_1681	160
m_1683	400
m_1685	247
m_1687	269
m_1689	177
m_169	204
m_1690	523
m_1692	267
m_1694	420
m_1696	532
m_1698	201
m_17	180
m_170	267
m_1700	200
m_1702	263
m_1704	344
m_1708	256
m_1711	302
m_1713	643
m_1715	232
m_1717	265
m_1719	566
m_172	400
m_1720	258
m_1722	250
m_1724	240
m_1728	596
m_1733	570
m_1735	300
m_1737	493
m_1739	596
m_174	563
m_1740	507
m_1742	234
m_1744	314
m_1746	170
m_1748	200
m_1751	549
m_1753	682
m_1755	186
m_1757	400
m_1759	271
m_176	154
m_1760	176
m_1762	201
m_1764	243
m_1768	283
m_1771	400
m_1773	1023
m_1775	269
m_1777	620
m_1779	521
m_178	383
m_1780	551
m_1782	573
m_1784	265
m_1786	300
m_1788	578
m_1791	253
m_1793	265
m_1795	560
m_1797	173
m_1799	545
m_1801	200
m_1803	300
m_1805	487
m_1809	200
m_181	244
m_1810	557
m_1812	629
m_1814	594
m_1816	287
m_1818	563
m_1821	257
m_1823	276
m_1825	200
m_1827	195
m_1829	503
m_183	1075
m_1830	243
m_1832	511
m_1836	534
m_1838	237
m_1841	331
m_1843	339
m_1845	524
m_1847	271
m_1849	564
m_185	200
m_1850	224
m_1852	1192
m_1854	239
m_1856	417
m_1858	288
m_1863	261
m_1865	532
m_1867	439
m_1869	178
m_187	284
m_1870	166
m_1872	383
m_1874	160
m_1876	180
m_1878	572
m_1881	387
m_1883	268
m_1885	779
m_1887	464
m_1889	384
m_1890	559
m_1894	583
m_1896	241
m_1898	156
m_19	582
m_190	275
m_1900	289
m_1902	1016
m_1904	174
m_1906	520
m_1908	200
m_1911	619
m_1913	276
m_1917	250
m_1919	181
m_1920	562
m_1922	478
m_1924	447
m_1926	299
m_1928	531
m_1931	636
m_1935	235
m_1937	209
m_1939	480
m_1940	514
m_1942	466
m_1944	274
m_1948	300
m_1951	463
m_1953	189
m_1955	200
m_1957	182
m_1959	176
m_196	294
m_1960	278
m_1962	251
m_1964	160
m_1968	624
m_1973	200
m_1977	323
m_1979	201
m_1982	306
m_1984	503
m_1986	586
m_1988	400
m_1991	285
m_1995	200
m_1997	579
m_1999	163
m_2	589
m_20	200
m_200	627
m_2000	181
m_2002	270
m_2004	260
m_2006	282
m_2008	409
m_2011	299
m_2013	453
m_2015	279
m_2017	569
m_2019	1065
m_202	591
m_2020	574
m_2022	225
m_2024	279
m_2026	179
m_2028	616
m_2031	220
m_2033	170
m_2035	243
m_2037	580
m_2039	290
m_204	283
m_2040	267
m_2042	154
m_2044	272
m_2046	200
m_2048	449
m_2051	331
m_2053	463
m_2055	250
m_2057	598
m_2059	251
m_206	283
m_2060	234
m_2062	598
m_2064	686
m_2066	186
m_2068	201
m_2071	552
m_2073	175
m_2075	363
m_2079	668
m_208	217
m_2080	168
m_2082	539
m_2084	487
m_2086	494
m_2088	800
m_2091	681
m_2093	270
m_2095	283
m_2097	312
m_2099	235
m_2103	341
m_2105	256
m_2109	200
m_211	282
m_2110	194
m_2114	544
m_2116	618
m_2118	425
m_2121	473
m_2125	166
m_2127	173
m_2129	241
m_213	200
m_2130	632
m_2132	161
m_2134	271
m_2136	969
m_2138	296
m_2141	283
m_2143	253
m_2145	200
m_2147	762
m_215	265
m_2150	283
m_2152	156
m_2154	506
m_2156	289
m_2163	551
m_2165	531
m_2169	617
m_217	259
m_2170	307
m_2172	200
m_2174	189
m_2176	554
m_2181	437
m_2183	548
m_2185	238
m_2187	257
m_2189	225
m_219	317
m_2190	258
m_2192	247
m_2194	200
m_2196	241
m_2198	261
m_22	243
m_220	253
m_2200	271
m_2202	242
m_2204	260
m_2206	166
m_2208	947
m_2211	220
m_2213	178
m_2215	200
m_2217	166
m_2219	182
m_222	211
m_2220	662
m_2222	572
m_2224	520
m_2226	1034
m_2228	698
m_2233	267
m_2235	600
m_2237	254
m_2239	480
m_224	1140
m_2240	284
m_2242	573
m_2244	183
m_2246	224
m_2248	169
m_2253	289
m_2255	299
m_2257	616
m_2259	515
m_226	291
m_2260	511
m_2262	387
m_2264	429
m_2266	120
m_2268	343
m_2271	244
m_2273	624
m_2275	202
m_2277	200
m_2279	501
m_228	539
m_2280	400
m_2282	272
m_2284	173
m_2286	556
m_2288	147
m_2291	150
m_2293	275
m_2295	239
m_2297	230
m_2299	277
m_2301	247
m_2303	274
m_2305	571
m_2309	456
m_231	799
m_2310	301
m_2312	197
m_2314	281
m_2318	292
m_2321	239
m_2323	300
m_2325	200
m_2327	295
m_2329	300
m_233	232
m_2330	759
m_2332	247
m_2334	237
m_2336	606
m_2338	260
m_2341	249
m_2343	523
m_2345	139
m_2347	506
m_2349	578
m_235	697
m_2350	524
m_2352	580
m_2354	407
m_2356	230
m_2358	459
m_2361	253
m_2363	269
m_2365	205
m_2367	489
m_237	318
m_2370	249
m_2372	167
m_2374	546
m_2376	458
m_2378	323
m_2381	520
m_2383	586
m_2385	459
m_2387	166
m_2389	578
m_239	290
m_2390	535
m_2392	520
m_2396	300
m_2398	240
m_24	528
m_240	204
m_2400	200
m_2404	576
m_2406	266
m_2408	504
m_2411	186
m_2413	486
m_2415	276
m_2417	516
m_2419	230
m_242	596
m_2420	535
m_2422	249
m_2424	254
m_2426	523
m_2428	245
m_2431	576
m_2433	245
m_2435	236
m_2437	300
m_2439	265
m_244	428
m_2440	208
m_2442	186
m_2444	260
m_2446	268
m_2448	200
m_2451	509
m_2453	168
m_2455	223
m_2457	452
m_246	155
m_2460	166
m_2462	286
m_2464	175
m_2466	300
m_2468	258
m_2471	175
m_2473	211
m_2475	655
m_2477	418
m_2479	259
m_248	271
m_2482	260
m_2484	724
m_2486	719
m_2488	246
m_2491	324
m_2493	153
m_2495	256
m_2497	285
m_2499	452
m_2501	273
m_2503	313
m_2505	488
m_2507	272
m_2509	379
m_251	422
m_2510	239
m_2512	254
m_2514	289
m_2516	535
m_2518	200
m_2521	521
m_2523	259
m_2525	279
m_2527	576
m_2529	619
m_253	1222
m_2530	485
m_2532	226
m_2534	347
m_2536	300
m_2541	161
m_2543	203
m_2545	312
m_2547	523
m_2549	300
m_2550	295
m_2552	277
m_2554	214
m_2556	672
m_2558	202
m_2561	509
m_2563	257
m_2565	187
m_2567	269
m_2569	288
m_257	618
m_2570	261
m_2572	426
m_2574	271
m_2576	646
m_2578	230
m_2581	290
m_2583	168
m_2585	382
m_2587	150
m_2589	267
m_259	202
m_2590	572
m_2592	483
m_2594	269
m_2596	191
m_26	180
m_260	292
m_2600	265
m_2602	617
m_2604	152
m_2606	252
m_2608	176
m_2611	230
m_2613	522
m_2615	237
m_2617	496
m_2619	362
m_262	648
m_2622	144
m_2624	257
m_2626	464
m_2628	445
m_2631	279
m_2633	238
m_2635	200
m_2637	545
m_2639	899
m_264	300
m_2640	272
m_2642	300
m_2644	258
m_2648	243
m_2651	602
m_2653	641
m_2655	221
m_2657	154
m_2659	276
m_266	253
m_2660	269
m_2662	200
m_2664	464
m_2666	277
m_2668	287
m_2671	494
m_2673	300
m_2675	255
m_2677	500
m_2679	200
m_268	633
m_2680	538
m_2682	300
m_2684	272
m_2686	459
m_2688	234
m_2691	525
m_2693	604
m_2695	258
m_2697	250
m_2699	526
m_2701	150
m_2703	535
m_2705	295
m_2707	202
m_2709	310
m_271	292
m_2710	212
m_2712	382
m_2714	263
m_2716	553
m_2718	252
m_2721	279
m_2723	250
m_2725	529
m_2727	200
m_2729	300
m_273	705
m_2730	341
m_2732	200
m_2736	278
m_2738	285
m_2741	286
m_2743	225
m_2745	200
m_2747	515
m_2749	200
m_2750	314
m_2752	248
m_2754	176
m_2756	233
m_2758	258
m_2761	253
m_2765	170
m_2767	186
m_2769	713
m_277	200
m_2770	554
m_2772	247
m_2774	318
m_2776	246
m_2778	619
m_2781	387
m_2783	201
m_2785	1097
m_2787	224
m_2789	268
m_279	251
m_2790	274
m_2792	296
m_2794	291
m_2796	294
m_2798	238
m_28	215
m_280	338
m_2800	272
m_2802	300
m_2804	185
m_2806	265
m_2808	487
m_2811	320
m_2813	191
m_2815	311
m_2817	486
m_2819	276
m_282	201
m_2820	231
m_2822	491
m_2824	249
m_2826	633
m_2828	142
m_2831	628
m_2833	200
m_2835	266
m_2837	296
m_284	551
m_2840	266
m_2842	469
m_2844	536
m_2846	643
m_2848	286
m_2851	505
m_2853	272
m_2855	645
m_2857	343
m_2859	289
m_286	301
m_2860	322
m_2862	470
m_2864	675
m_2866	648
m_2868	172
m_2871	273
m_2873	321
m_2875	602
m_2877	242
m_2879	236
m_288	213
m_2880	271
m_2882	296
m_2884	590
m_2886	821
m_2891	577
m_2893	308
m_2895	317
m_2897	227
m_2899	276
m_2901	300
m_2903	229
m_2905	205
m_2907	271
m_2909	169
m_291	526
m_2910	514
m_2912	277
m_2914	697
m_2916	156
m_2918	549
m_2921	512
m_2923	513
m_2925	513
m_2927	180
m_2929	250
m_293	269
m_2930	290
m_2932	200
m_2934	250
m_2936	200
m_2938	300
m_2941	536
m_2943	293
m_2945	260
m_2947	489
m_2949	582
m_295	578
m_2950	505
m_2952	200
m_2954	165
m_2956	301
m_2961	572
m_2963	200
m_2965	120
m_2967	414
m_2969	686
m_2972	499
m_2974	498
m_2976	556
m_2978	347
m_2981	285
m_2983	265
m_2985	294
m_2987	308
m_2989	657
m_299	200
m_2990	446
m_2994	200
m_2996	200
m_2998	246
m_3001	277
m_3003	311
m_3005	173
m_3007	275
m_3009	241
m_301	261
m_3010	300
m_3012	521
m_3014	300
m_3016	300
m_3018	250
m_3021	281
m_3023	204
m_3025	227
m_3027	200
m_3029	279
m_303	469
m_3030	646
m_3032	259
m_3034	681
m_3036	278
m_3038	353
m_3041	535
m_3043	799
m_3045	603
m_3049	661
m_305	547
m_3050	368
m_3052	303
m_3056	188
m_3058	511
m_3061	472
m_3063	417
m_3065	262
m_3067	546
m_3069	186
m_307	295
m_3072	256
m_3074	483
m_3076	250
m_3078	214
m_3081	625
m_3083	509
m_3085	267
m_3087	591
m_3089	674
m_309	333
m_3090	257
m_3092	433
m_3094	269
m_3096	557
m_3098	233
m_31	280
m_310	400
m_3100	300
m_3102	593
m_3104	1113
m_3106	534
m_3108	246
m_3111	200
m_3113	612
m_3115	616
m_3117	533
m_3119	271
m_312	241
m_3120	566
m_3122	232
m_3124	247
m_3126	579
m_3128	191
m_3131	201
m_3133	498
m_3135	464
m_3137	184
m_3139	264
m_314	510
m_3140	274
m_3142	772
m_3144	609
m_3146	209
m_3148	425
m_3151	536
m_3153	136
m_3155	289
m_3157	289
m_3159	680
m_316	262
m_3162	317
m_3164	485
m_3166	279
m_3168	250
m_3171	276
m_3173	229
m_3175	300
m_3177	597
m_3179	300
m_318	335
m_3180	490
m_3182	245
m_3184	278
m_3186	476
m_3188	600
m_3191	532
m_3193	140
m_3195	301
m_3197	300
m_3199	450
m_3201	543
m_3203	200
m_3205	237
m_3209	400
m_321	306
m_3210	212
m_3212	1185
m_3214	146
m_3216	148
m_3218	250
m_3221	267
m_3223	536
m_3225	285
m_3227	388
m_3229	283
m_323	252
m_3230	411
m_3232	237
m_3234	232
m_3236	561
m_3238	272
m_3241	221
m_3243	400
m_3245	250
m_3247	487
m_3249	527
m_325	519
m_3250	273
m_3252	235
m_3254	269
m_3256	504
m_3258	243
m_3261	242
m_3263	296
m_3265	519
m_3267	172
m_3269	470
m_327	472
m_3270	200
m_3272	279
m_3274	641
m_3276	278
m_3278	283
m_3281	171
m_3283	140
m_3285	387
m_3287	300
m_3289	462
m_329	300
m_3290	261
m_3292	264
m_3294	226
m_3296	400
m_3298	251
m_33	310
m_330	300
m_3300	164
m_3302	250
m_3304	211
m_3308	394
m_3311	576
m_3313	208
m_3315	455
m_3317	380
m_3319	317
m_332	573
m_3320	400
m_3322	291
m_3324	538
m_3326	273
m_3328	238
m_3331	424
m_3333	269
m_3335	317
m_3337	486
m_3339	273
m_334	200
m_3340	469
m_3342	205
m_3346	283
m_3348	268
m_3351	707
m_3353	520
m_3355	570
m_3357	288
m_3359	75
m_336	270
m_3360	183
m_3362	647
m_3364	461
m_3366	352
m_3368	743
m_3371	498
m_3373	157
m_3375	340
m_3377	271
m_338	292
m_3380	263
m_3382	267
m_3384	150
m_3386	190
m_3388	200
m_3391	312
m_3395	363
m_3397	200
m_3399	563
m_3401	260
m_3403	695
m_3405	267
m_3407	261
m_341	500
m_3410	179
m_3412	501
m_3414	688
m_3416	261
m_3418	513
m_3421	250
m_3423	261
m_3425	603
m_3427	686
m_3429	444
m_343	260
m_3430	471
m_3434	302
m_3436	300
m_3438	375
m_3441	674
m_3443	300
m_3445	223
m_3447	266
m_3449	282
m_345	246
m_3450	248
m_3452	267
m_3454	297
m_3456	467
m_3458	462
m_3461	143
m_3463	187
m_3465	508
m_3467	278
m_3469	262
m_347	494
m_3470	200
m_3472	231
m_3474	250
m_3476	605
m_3478	256
m_3481	216
m_3483	558
m_3485	572
m_3489	279
m_349	202
m_3490	200
m_3492	693
m_3494	460
m_3496	395
m_3498	124
m_35	282
m_350	665
m_3500	283
m_3502	192
m_3504	175
m_3506	185
m_3508	247
m_3511	506
m_3513	237
m_3515	245
m_3517	290
m_3519	238
m_352	300
m_3520	340
m_3522	313
m_3526	273
m_3528	250
m_3531	214
m_3533	300
m_3535	200
m_354	260
m_3540	651
m_3542	552
m_3544	691
m_3546	248
m_3548	257
m_3551	440
m_3553	141
m_3557	562
m_3559	338
m_356	343
m_3560	260
m_3562	503
m_3564	300
m_3566	244
m_3568	275
m_3571	300
m_3573	150
m_3575	200
m_3577	543
m_3579	280
m_358	250
m_3580	300
m_3582	200
m_3584	305
m_3586	646
m_3588	247
m_3591	279
m_3595	300
m_3597	637
m_3599	517
m_3601	151
m_3605	624
m_3607	194
m_3609	288
m_361	300
m_3610	250
m_3614	299
m_3616	258
m_3618	472
m_3621	200
m_3623	300
m_3625	254
m_3627	241
m_3629	285
m_363	189
m_3630	292
m_3632	479
m_3634	237
m_3636	257
m_3638	521
m_3641	290
m_3643	259
m_3645	523
m_3647	485
m_3649	203
m_365	176
m_3650	255
m_3652	701
m_3654	254
m_3656	501
m_3658	251
m_3661	200
m_3663	200
m_3665	200
m_3667	300
m_3669	302
m_367	220
m_3670	206
m_3672	207
m_3674	251
m_3676	670
m_3678	200
m_3681	352
m_3683	300
m_3685	352
m_3687	435
m_3689	188
m_369	1044
m_3690	270
m_3692	525
m_3694	256
m_37	246
m_370	300
m_3700	296
m_3702	502
m_3704	174
m_3706	198
m_3708	252
m_3711	573
m_3713	269
m_3715	519
m_3717	200
m_3719	284
m_372	400
m_3720	479
m_3722	200
m_3724	288
m_3726	176
m_3728	198
m_3731	251
m_3733	231
m_3735	328
m_3737	328
m_3739	279
m_3740	301
m_3742	302
m_3744	289
m_3746	140
m_3748	235
m_3751	275
m_3753	400
m_3755	596
m_3757	272
m_3759	517
m_376	521
m_3760	367
m_3764	279
m_3766	277
m_3768	581
m_3771	382
m_3773	288
m_3775	266
m_3777	200
m_3779	250
m_378	312
m_3780	508
m_3782	289
m_3784	249
m_3786	271
m_3791	144
m_3793	264
m_3795	654
m_3797	444
m_3799	464
m_3801	200
m_3803	250
m_3805	483
m_3807	433
m_3809	529
m_381	300
m_3810	200
m_3812	200
m_3814	260
m_3816	270
m_3818	463
m_3821	488
m_3823	545
m_3825	208
m_3827	244
m_3829	285
m_383	203
m_3830	300
m_3832	258
m_3834	554
m_3836	300
m_3838	267
m_3841	325
m_3843	239
m_3845	300
m_3847	300
m_3849	464
m_385	232
m_3850	178
m_3852	259
m_3856	546
m_3861	292
m_3863	391
m_3867	328
m_3869	579
m_387	280
m_3870	212
m_3874	536
m_3876	502
m_3881	247
m_3883	511
m_3885	368
m_3887	201
m_3889	274
m_389	529
m_3890	570
m_3892	200
m_3894	474
m_3896	182
m_3898	251
m_39	275
m_3900	302
m_3902	529
m_3904	157
m_3908	156
m_3911	200
m_3913	292
m_3915	267
m_3917	217
m_3919	200
m_392	100
m_3920	200
m_3922	233
m_3924	203
m_3926	359
m_3928	537
m_3931	272
m_3933	327
m_3935	226
m_3937	269
m_3939	514
m_394	247
m_3940	353
m_3942	516
m_3944	210
m_3946	200
m_3948	166
m_3951	258
m_3953	225
m_3955	278
m_3957	222
m_3959	166
m_396	277
m_3960	260
m_3962	160
m_3964	279
m_3966	285
m_3968	588
m_3971	173
m_3973	528
m_3975	474
m_3977	543
m_3979	291
m_398	238
m_3980	175
m_3982	298
m_3984	270
m_3986	620
m_3988	634
m_3991	243
m_3993	492
m_3995	311
m_3997	257
m_3999	486
m_4	387
m_40	601
m_400	189
m_4000	242
m_4002	171
m_4004	521
m_4006	563
m_4008	248
m_4011	266
m_4013	561
m_4015	200
m_4017	331
m_4019	260
m_402	290
m_4020	293
m_4022	276
m_4024	96
m_4026	513
m_4028	238
m_4031	493
m_4033	269
m_404	450
m_406	251
m_408	204
m_411	167
m_415	551
m_417	554
m_419	258
m_42	278
m_420	153
m_422	203
m_424	220
m_426	454
m_428	563
m_431	265
m_435	234
m_437	561
m_439	341
m_44	608
m_440	300
m_442	262
m_444	200
m_446	287
m_448	661
m_451	257
m_453	300
m_457	293
m_459	400
m_46	500
m_460	167
m_462	300
m_464	300
m_468	268
m_471	687
m_473	150
m_477	666
m_479	409
m_48	973
m_480	188
m_482	567
m_484	284
m_486	263
m_488	298
m_491	538
m_493	277
m_495	551
m_497	284
m_499	400
m_501	247
m_503	275
m_505	166
m_509	484
m_51	125
m_510	275
m_512	295
m_514	638
m_516	300
m_518	300
m_521	642
m_523	283
m_525	507
m_527	303
m_529	508
m_53	302
m_530	300
m_532	150
m_534	180
m_536	230
m_538	594
m_541	252
m_545	200
m_547	235
m_549	159
m_55	247
m_550	266
m_552	282
m_554	170
m_558	273
m_561	384
m_563	290
m_565	627
m_567	960
m_569	554
m_57	200
m_570	540
m_572	285
m_574	200
m_576	268
m_578	368
m_581	261
m_583	300
m_585	212
m_587	250
m_589	589
m_59	265
m_590	495
m_592	525
m_594	264
m_596	428
m_598	566
m_6	192
m_60	236
m_600	199
m_602	255
m_604	1075
m_606	200
m_608	300
m_611	300
m_613	176
m_615	267
m_617	227
m_619	152
m_62	250
m_622	150
m_624	243
m_626	200
m_628	239
m_631	266
m_635	632
m_637	714
m_639	264
m_64	281
m_640	574
m_642	300
m_644	237
m_646	528
m_648	637
m_651	496
m_653	256
m_655	218
m_657	273
m_659	178
m_66	577
m_660	643
m_662	780
m_664	710
m_666	395
m_668	258
m_671	300
m_673	250
m_675	233
m_677	258
m_679	256
m_68	542
m_680	575
m_682	529
m_684	575
m_686	528
m_688	174
m_691	708
m_693	280
m_697	575
m_699	300
m_701	277
m_703	200
m_705	180
m_707	294
m_71	255
m_710	242
m_712	192
m_714	265
m_716	325
m_718	501
m_721	255
m_723	200
m_725	415
m_727	234
m_729	226
m_73	544
m_730	200
m_734	244
m_736	222
m_738	300
m_741	300
m_743	238
m_745	523
m_747	283
m_749	256
m_75	549
m_750	202
m_752	477
m_754	427
m_756	277
m_758	275
m_761	270
m_763	263
m_765	150
m_767	550
m_769	316
m_77	300
m_770	271
m_772	500
m_774	400
m_776	196
m_778	569
m_781	148
m_783	524
m_785	250
m_787	200
m_789	334
m_79	597
m_790	300
m_792	463
m_794	497
m_796	150
m_798	265
m_8	224
m_80	191
m_800	234
m_802	296
m_804	264
m_806	548
m_808	402
m_811	597
m_813	218
m_815	242
m_817	282
m_819	200
m_82	253
m_820	200
m_822	223
m_824	186
m_826	261
m_828	520
m_831	241
m_833	194
m_835	290
m_837	452
m_839	554
m_84	300
m_840	293
m_842	298
m_844	264
m_846	186
m_848	184
m_851	296
m_853	515
m_855	237
m_859	318
m_86	346
m_860	966
m_862	282
m_864	605
m_866	236
m_868	248
m_871	235
m_873	922
m_875	539
m_877	539
m_879	234
m_88	243
m_880	200
m_882	263
m_884	200
m_886	200
m_888	537
m_891	184
m_895	200
m_897	394
m_899	400
m_901	257
m_903	238
m_907	527
m_909	170
m_91	470
m_910	275
m_912	540
m_914	642
m_916	664
m_918	243
m_921	304
m_923	295
m_925	279
m_927	582
m_93	545
m_930	267
m_932	200
m_934	253
m_936	258
m_938	171
m_941	546
m_943	257
m_945	472
m_947	402
m_949	302
m_952	300
m_954	432
m_956	248
m_961	202
m_963	240
m_965	190
m_967	245
m_969	489
m_97	389
m_970	256
m_972	326
m_974	250
m_976	282
m_978	601
m_981	200
m_983	221
m_985	631
m_987	188
m_989	159
m_99	507
m_992	300
m_994	539
m_996	570
m_998	250
