m_1	2097
m_10	1296
m_100	1214
m_1000	4152
m_1002	4196
m_1004	2343
m_1006	945
m_1008	2543
m_1011	960
m_1013	2405
m_1015	1913
m_1017	1359
m_1019	2032
m_102	950
m_1020	7325
m_1022	1728
m_1024	1285
m_1026	1250
m_1028	1903
m_1031	1550
m_1033	1547
m_1035	2403
m_1037	2168
m_1039	2111
m_104	6804
m_1042	7633
m_1044	1656
m_1046	1424
m_1048	7057
m_1051	2925
m_1053	1968
m_1055	1192
m_1057	1682
m_1059	1800
m_106	6928
m_1060	1201
m_1062	1622
m_1064	1123
m_1066	5989
m_1068	2619
m_1071	1953
m_1073	1465
m_1075	2071
m_1079	5096
m_108	2171
m_1080	1140
m_1082	6722
m_1084	2964
m_1088	1538
m_1091	2360
m_1093	1135
m_1095	5725
m_1097	1844
m_1099	1416
m_1101	1961
m_1103	7296
m_1105	2538
m_1107	1868
m_1109	1727
m_111	2070
m_1110	1016
m_1112	6329
m_1114	8801
m_1116	1957
m_1118	8580
m_1121	1836
m_1123	2508
m_1125	1994
m_1127	1464
m_1129	2396
m_113	1782
m_1130	1572
m_1132	2184
m_1134	1843
m_1136	1102
m_1138	1535
m_1141	2321
m_1143	2474
m_1145	5191
m_1147	1960
m_1149	3464
m_115	2093
m_1150	2979
m_1152	1429
m_1154	8668
m_1156	2231
m_1158	1078
m_1161	1563
m_1163	1572
m_1165	1858
m_1167	1350
m_1169	2609
m_117	2019
m_1170	1259
m_1172	1184
m_1174	2247
m_1176	1495
m_1178	2082
m_1181	1883
m_1183	8894
m_1185	1381
m_1187	4979
m_1189	1600
m_119	2181
m_1190	2193
m_1192	1117
m_1194	2244
m_1196	7156
m_1198	1318
m_120	1149
m_1200	2059
m_1202	2156
m_1204	4274
m_1206	1847
m_1208	1565
m_1211	1460
m_1213	2374
m_1215	1820
m_1217	1737
m_1219	2311
m_122	1965
m_1220	1608
m_1222	3027
m_1224	8527
m_1226	1664
m_1231	1862
m_1233	1662
m_1235	1033
m_1237	1275
m_1239	2247
m_124	1950
m_1240	6808
m_1242	6966
m_1244	2173
m_1246	6018
m_1248	2649
m_1251	1858
m_1253	1357
m_1255	1246
m_1257	5942
m_1259	1812
m_126	1370
m_1260	2460
m_1262	1294
m_1264	1384
m_1266	1528
m_1268	2379
m_1271	2403
m_1273	2124
m_1275	7424
m_1277	1060
m_1279	973
m_1280	998
m_1282	1099
m_1284	6734
m_1286	1473
m_1288	2033
m_1291	2392
m_1293	921
m_1295	1661
m_1297	1176
m_1301	7555
m_1303	2625
m_1305	1335
m_1307	1988
m_1309	4748
m_131	1424
m_1310	1377
m_1312	2326
m_1314	2412
m_1316	1880
m_1318	1619
m_1321	1331
m_1323	1568
m_1325	1561
m_1327	1323
m_1329	1334
m_133	1628
m_1330	1744
m_1332	1880
m_1334	3557
m_1336	1569
m_1338	2329
m_1341	1721
m_1343	1890
m_1345	1179
m_1347	1167
m_1349	2212
m_135	4203
m_1352	1290
m_1354	2548
m_1356	1960
m_1358	2159
m_1361	1627
m_1363	2179
m_1365	2012
m_1367	1667
m_1369	2041
m_137	1967
m_1370	1101
m_1372	1869
m_1374	1377
m_1376	2336
m_1378	1979
m_1381	1330
m_1383	1268
m_1385	1669
m_1387	2438
m_1389	1332
m_139	1755
m_1390	2055
m_1394	2427
m_1396	1878
m_1398	1036
m_14	1829
m_140	2062
m_1400	1134
m_1402	1111
m_1404	1979
m_1408	1806
m_1411	1815
m_1413	1080
m_1415	1513
m_1417	2123
m_1419	1980
m_142	1387
m_1420	5804
m_1422	2101
m_1424	2639
m_1426	1660
m_1428	2212
m_1431	2138
m_1433	2027
m_1435	1405
m_1437	1840
m_1439	1998
m_144	2500
m_1442	1289
m_1444	8794
m_1446	1636
m_1448	1769
m_1451	6031
m_1453	8861
m_1455	1873
m_1457	6322
m_1459	8896
m_146	1453
m_1460	2145
m_1462	1768
m_1464	1475
m_1466	1423
m_1468	1920
m_1471	971
m_1473	1035
m_1475	1859
m_1479	2090
m_148	2167
m_1480	2192
m_1482	1511
m_1484	6392
m_1486	2759
m_1488	1702
m_1491	1998
m_1493	2351
m_1497	1983
m_1499	1591
m_1501	1046
m_1503	1380
m_1505	2054
m_1507	2518
m_1509	2192
m_1510	8135
m_1512	1914
m_1514	1853
m_1516	2592
m_1518	1358
m_1521	1406
m_1523	1005
m_1525	2408
m_1527	5335
m_1529	1918
m_153	5080
m_1532	2440
m_1534	1931
m_1536	1439
m_1538	2460
m_1541	2053
m_1543	2323
m_1545	1441
m_1547	1242
m_155	2376
m_1550	1436
m_1552	1195
m_1554	1134
m_1556	4542
m_1558	1972
m_1561	2650
m_1563	1626
m_1565	1354
m_1567	2532
m_1569	2233
m_157	2061
m_1570	1839
m_1572	2492
m_1574	1596
m_1576	4125
m_1578	1513
m_1581	1047
m_1585	1582
m_1589	5446
m_159	2123
m_1590	2158
m_1592	8290
m_1594	1643
m_1596	1455
m_1598	1836
m_16	1634
m_160	1177
m_1600	944
m_1602	4916
m_1604	5587
m_1606	923
m_1608	8372
m_1611	1402
m_1613	1890
m_1615	8698
m_1617	1729
m_1619	4557
m_162	1163
m_1620	1863
m_1622	5414
m_1626	1872
m_1628	1521
m_1631	1458
m_1633	2022
m_1635	2256
m_1637	1743
m_1639	3310
m_164	912
m_1640	2334
m_1642	2616
m_1644	2015
m_1646	1830
m_1648	1537
m_1651	1576
m_1653	8302
m_1655	1558
m_1657	2078
m_1659	1978
m_166	1657
m_1660	5069
m_1662	1830
m_1664	7696
m_1666	5000
m_1671	1467
m_1673	967
m_1675	1131
m_1677	1924
m_1679	5427
m_168	2417
m_1680	6001
m_1682	2346
m_1684	1623
m_1686	2258
m_1688	2601
m_1691	2066
m_1693	2668
m_1695	1670
m_1697	7362
m_1699	7348
m_1701	1053
m_1703	1273
m_1705	1629
m_1707	1491
m_1709	1383
m_171	6859
m_1710	1478
m_1712	1609
m_1714	2167
m_1716	1889
m_1718	1942
m_1721	1166
m_1723	2275
m_1725	1242
m_1727	2600
m_1729	1623
m_173	1150
m_1730	1386
m_1732	5678
m_1734	1059
m_1736	8105
m_1738	7221
m_1741	2392
m_1743	2077
m_1745	1641
m_1747	2250
m_1749	4515
m_175	1629
m_1750	1828
m_1754	965
m_1756	1147
m_1758	1049
m_1761	1287
m_1763	2342
m_1765	1367
m_1767	1468
m_1769	2111
m_177	1387
m_1770	2263
m_1772	1034
m_1774	1083
m_1776	2222
m_1778	1582
m_1781	8659
m_1783	1342
m_1785	1954
m_1787	1544
m_1789	1760
m_179	895
m_1790	1843
m_1792	2351
m_1794	1878
m_1796	1042
m_18	1739
m_180	1340
m_1800	1495
m_1804	1788
m_1806	3352
m_1811	1870
m_1813	6182
m_1815	1671
m_1817	1498
m_1819	1173
m_182	2304
m_1820	1939
m_1822	1082
m_1824	5307
m_1826	4842
m_1828	1747
m_1831	1269
m_1833	1772
m_1835	1530
m_1837	1696
m_1839	2151
m_184	2542
m_1840	1150
m_1842	5274
m_1844	1435
m_1848	1937
m_1851	2365
m_1853	1106
m_1855	1954
m_1857	2061
m_1859	1881
m_186	2161
m_1860	1283
m_1862	1184
m_1864	1805
m_1866	2807
m_1868	1942
m_1871	1770
m_1873	1638
m_1875	2519
m_1877	1425
m_1879	7385
m_1880	2232
m_1882	2562
m_1884	1051
m_1886	8466
m_1888	1367
m_1891	1115
m_1893	1560
m_1897	2121
m_1899	1610
m_1901	9378
m_1903	1258
m_1905	8564
m_1907	1264
m_1909	1908
m_191	2205
m_1910	6146
m_1912	2711
m_1916	1832
m_1918	4393
m_1921	2020
m_1923	1988
m_1925	1480
m_1927	1846
m_1929	2094
m_1930	1547
m_1932	1417
m_1934	1491
m_1936	1935
m_1938	2076
m_1941	2649
m_1943	1929
m_1945	1447
m_1947	1235
m_1949	1368
m_195	8213
m_1950	5106
m_1952	1782
m_1954	1038
m_1956	940
m_1958	1466
m_1961	8461
m_1963	1215
m_1967	2458
m_1969	2640
m_197	2176
m_1970	1471
m_1972	1401
m_1974	8725
m_1976	1832
m_1978	5793
m_1981	1815
m_1983	2205
m_1985	1862
m_1987	1383
m_1989	8929
m_199	1502
m_1990	2659
m_1992	1784
m_1994	1954
m_1996	2128
m_2003	1243
m_2005	1080
m_2007	1863
m_2009	2485
m_201	1846
m_2010	2883
m_2012	1807
m_2014	2341
m_2016	2324
m_2018	8350
m_2021	2768
m_2023	1207
m_2025	1520
m_2027	1758
m_2029	1949
m_203	1493
m_2030	1634
m_2032	8611
m_2034	3031
m_2036	1463
m_2038	1139
m_2041	2522
m_2043	1999
m_2045	7337
m_2047	1551
m_205	8372
m_2050	8794
m_2052	1720
m_2054	1771
m_2058	1916
m_2061	1544
m_2063	2185
m_2065	1947
m_2067	5911
m_2069	1865
m_207	1460
m_2072	1579
m_2074	1365
m_2076	3187
m_2078	1491
m_2081	1483
m_2083	8681
m_2089	1564
m_209	6690
m_2090	2810
m_2092	1434
m_2094	1874
m_2096	1747
m_2098	1345
m_21	1066
m_210	2630
m_2100	1209
m_2102	2460
m_2104	2197
m_2106	2088
m_2108	2291
m_2111	1461
m_2113	1171
m_2115	5951
m_2117	2348
m_2119	1118
m_212	2341
m_2120	1531
m_2122	3816
m_2124	1340
m_2126	1169
m_2128	1143
m_2131	3159
m_2133	1924
m_2135	1415
m_2137	2364
m_2139	2050
m_214	1849
m_2140	1500
m_2142	2113
m_2144	2377
m_2146	2195
m_2148	4177
m_2151	1914
m_2153	2247
m_2157	1807
m_2159	1931
m_216	1772
m_2160	1344
m_2162	1132
m_2164	1589
m_2166	1311
m_2168	1063
m_2171	1467
m_2173	1895
m_2177	2303
m_2179	1476
m_218	2533
m_2180	1569
m_2182	7313
m_2184	2635
m_2186	976
m_2188	1859
m_2191	1984
m_2193	2118
m_2195	6520
m_2197	1723
m_2199	1867
m_2201	972
m_2203	1725
m_2205	7808
m_2207	1666
m_2209	5965
m_221	1212
m_2210	2254
m_2212	9014
m_2216	1012
m_2218	6603
m_2223	2487
m_2225	1600
m_2227	1651
m_2229	8002
m_223	1545
m_2230	2190
m_2232	2360
m_2234	2059
m_2236	2425
m_2238	992
m_2243	1763
m_2245	1977
m_2247	6571
m_2249	1867
m_2250	1230
m_2252	1102
m_2254	7712
m_2256	2076
m_2258	1052
m_2261	3041
m_2263	2268
m_2265	2804
m_2267	8819
m_2269	2124
m_227	5772
m_2270	1651
m_2272	2708
m_2274	1657
m_2276	1383
m_2278	1961
m_2283	1338
m_2285	2485
m_2287	5357
m_2289	1365
m_229	1234
m_2290	2417
m_2292	944
m_2294	820
m_2296	1280
m_2298	1733
m_23	1770
m_230	1554
m_2300	1879
m_2302	1942
m_2304	1609
m_2306	4036
m_2308	2498
m_2311	7992
m_2313	1624
m_2317	894
m_2319	1491
m_232	7390
m_2320	2430
m_2322	2083
m_2326	2240
m_2328	2271
m_2331	1137
m_2333	2267
m_2335	8053
m_2337	1486
m_2339	2289
m_234	4537
m_2340	1870
m_2344	1035
m_2346	1071
m_2348	1331
m_2351	1551
m_2353	1145
m_2355	2856
m_2357	2022
m_2359	2059
m_236	1749
m_2360	1105
m_2362	1859
m_2364	1611
m_2366	1612
m_2368	7449
m_2371	1741
m_2373	1544
m_2379	1849
m_238	2020
m_2380	1480
m_2382	1002
m_2384	2039
m_2386	1423
m_2388	2031
m_2391	2853
m_2393	2195
m_2395	1513
m_2397	6052
m_2401	1213
m_2403	1497
m_2405	3038
m_2407	1964
m_2409	1044
m_241	1837
m_2410	1199
m_2412	2038
m_2414	2653
m_2416	3206
m_2418	6600
m_2421	1388
m_2423	1176
m_2425	1758
m_2427	1276
m_2429	1108
m_243	1798
m_2430	1093
m_2432	8091
m_2434	2064
m_2436	2702
m_2438	2608
m_2441	1957
m_2443	1740
m_2445	1702
m_2447	2009
m_2449	2082
m_245	1485
m_2450	8491
m_2452	1247
m_2454	1660
m_2456	1187
m_2458	1481
m_2461	1766
m_2463	1040
m_2467	1157
m_2469	2495
m_247	2142
m_2470	5715
m_2472	2011
m_2474	1419
m_2476	2331
m_2478	1470
m_2481	2384
m_2483	3089
m_2485	1581
m_2487	1949
m_2489	6560
m_249	1337
m_2490	1944
m_2492	5533
m_2494	1919
m_2496	2072
m_2498	1903
m_25	5104
m_250	1853
m_2500	1977
m_2502	1929
m_2504	1994
m_2506	6700
m_2508	2570
m_2511	5396
m_2513	1989
m_2515	2146
m_2517	5947
m_2519	7491
m_252	2392
m_2520	1737
m_2522	2095
m_2524	2209
m_2526	1714
m_2528	1172
m_2531	2175
m_2533	1746
m_2535	1891
m_2537	1712
m_2539	858
m_254	1674
m_2540	831
m_2542	1974
m_2544	1191
m_2546	2164
m_2548	6043
m_2551	1983
m_2553	1361
m_2555	1132
m_2557	4481
m_2559	1675
m_256	1500
m_2560	1244
m_2562	6496
m_2564	8646
m_2566	2487
m_2568	1933
m_2571	2567
m_2573	1739
m_2575	1998
m_2577	1277
m_2579	1928
m_258	5939
m_2580	1606
m_2582	2043
m_2584	1977
m_2586	2246
m_2588	1691
m_2591	1477
m_2593	1902
m_2595	2076
m_2597	2018
m_2599	2309
m_2601	2379
m_2603	1605
m_2605	2088
m_2607	1740
m_2609	6655
m_261	6984
m_2610	3098
m_2612	1535
m_2614	1343
m_2616	2672
m_2618	2414
m_2621	2335
m_2623	1265
m_2625	1093
m_2627	4037
m_2629	1725
m_263	3301
m_2630	2538
m_2632	2139
m_2634	2158
m_2636	2150
m_2638	6187
m_2641	2232
m_2643	1285
m_2645	1061
m_2647	1085
m_2649	1952
m_265	1235
m_2650	1467
m_2652	1094
m_2654	1812
m_2656	2003
m_2658	2223
m_2661	1489
m_2663	1730
m_2665	1959
m_2667	2093
m_2669	1259
m_267	1582
m_2670	2155
m_2672	1939
m_2674	2435
m_2676	2462
m_2678	844
m_2681	2514
m_2683	1415
m_2685	2246
m_2687	1568
m_2689	1364
m_269	2836
m_2690	5979
m_2692	2301
m_2694	1005
m_2696	2560
m_2698	1643
m_27	1700
m_270	3242
m_2700	1360
m_2702	1594
m_2704	1794
m_2706	2816
m_2708	1213
m_2711	2073
m_2713	1263
m_2717	1313
m_2719	1912
m_272	8101
m_2720	1783
m_2722	2161
m_2724	1843
m_2726	1579
m_2728	1468
m_2731	1464
m_2733	8337
m_2735	2059
m_2737	2000
m_274	1189
m_2740	1974
m_2742	6590
m_2744	2359
m_2746	1628
m_2748	7291
m_2753	2168
m_2755	2440
m_2757	2369
m_2759	2237
m_2760	1064
m_2762	2437
m_2764	1363
m_2766	2717
m_2768	1436
m_2771	1088
m_2773	2343
m_2775	7052
m_2777	4234
m_2779	1731
m_278	6170
m_2780	2189
m_2782	7177
m_2784	2240
m_2786	1816
m_2788	2763
m_2791	1928
m_2793	2447
m_2795	1645
m_2799	1383
m_2801	1640
m_2803	2371
m_2805	2428
m_2807	5994
m_2809	1217
m_281	2073
m_2810	2478
m_2812	2270
m_2814	2318
m_2816	1735
m_2818	1988
m_2821	2029
m_2825	2313
m_2827	2536
m_2829	2010
m_283	1737
m_2830	1092
m_2832	2117
m_2834	2081
m_2836	1070
m_2838	1140
m_2841	2288
m_2843	1313
m_2845	1838
m_2847	6647
m_285	1973
m_2850	1611
m_2852	1526
m_2854	2465
m_2856	1653
m_2858	1023
m_2861	1431
m_2863	1074
m_2865	1409
m_2867	1760
m_2870	1344
m_2872	1422
m_2874	1686
m_2876	1125
m_2881	1778
m_2883	1916
m_2885	1489
m_2887	1393
m_2889	2307
m_289	1409
m_2890	1836
m_2892	2227
m_2894	1025
m_2896	1734
m_2898	6714
m_29	1719
m_290	3212
m_2900	1422
m_2902	8556
m_2904	1177
m_2906	5476
m_2908	1034
m_2911	2951
m_2913	1441
m_2915	1660
m_2917	1428
m_2919	1650
m_292	3962
m_2920	1341
m_2922	2382
m_2924	7673
m_2926	952
m_2928	1835
m_2931	8214
m_2933	1004
m_2935	1716
m_2937	2311
m_2939	1032
m_294	966
m_2940	1687
m_2942	2161
m_2944	2136
m_2946	1401
m_2948	1485
m_2951	2626
m_2953	2285
m_2955	2220
m_2957	1250
m_2959	1885
m_296	1205
m_2960	2278
m_2966	2791
m_2968	1822
m_2971	2112
m_2973	2370
m_2975	1743
m_2977	1828
m_2979	1837
m_298	1300
m_2980	8408
m_2982	2047
m_2986	3527
m_2988	1757
m_2991	2179
m_2993	1126
m_2995	1608
m_2997	2646
m_2999	1764
m_3	1600
m_30	1577
m_300	1090
m_3000	1461
m_3002	2204
m_3004	1732
m_3008	4704
m_3011	1782
m_3013	1780
m_3015	1363
m_3017	2221
m_3019	2845
m_302	3291
m_3020	7816
m_3022	1058
m_3024	2241
m_3026	1766
m_3028	1825
m_3031	2306
m_3033	4361
m_3035	6528
m_3037	1571
m_304	3236
m_3040	1623
m_3042	1373
m_3044	6678
m_3046	2467
m_3048	1042
m_3051	7083
m_3053	2568
m_3055	4841
m_3057	1863
m_3059	1529
m_3060	1794
m_3062	1475
m_3064	2357
m_3066	1375
m_3068	1447
m_3071	2345
m_3073	2233
m_3077	1608
m_3079	1505
m_308	2006
m_3080	8239
m_3082	2256
m_3084	1894
m_3086	2211
m_3088	6288
m_3091	1525
m_3093	1135
m_3095	6519
m_3097	2570
m_3099	1624
m_3101	1512
m_3103	1137
m_3105	1619
m_3107	7520
m_3109	6268
m_311	2702
m_3110	1093
m_3112	5090
m_3116	1503
m_3121	1035
m_3123	1315
m_3127	1366
m_3129	1735
m_313	5436
m_3130	2338
m_3132	1820
m_3134	8428
m_3136	1163
m_3138	992
m_3141	2751
m_3143	5050
m_3145	1415
m_3147	2215
m_3149	9047
m_315	2409
m_3150	1102
m_3152	1950
m_3154	6053
m_3156	2542
m_3158	2000
m_3161	1924
m_3163	2067
m_3165	1321
m_3167	2135
m_3169	1993
m_3172	1191
m_3174	2442
m_3176	1761
m_3178	1792
m_3181	1922
m_3183	1836
m_3185	4720
m_3187	2028
m_3189	1826
m_319	1855
m_3190	1187
m_3192	2078
m_3196	2135
m_3198	1168
m_32	1714
m_320	979
m_3200	1819
m_3202	1889
m_3204	1497
m_3206	1884
m_3208	1370
m_3211	1845
m_3213	2098
m_3215	1456
m_3219	2669
m_322	1394
m_3220	1111
m_3222	5298
m_3224	2176
m_3226	2640
m_3228	2239
m_3231	1784
m_3233	1354
m_3237	2081
m_3239	2607
m_324	1128
m_3240	2122
m_3242	2497
m_3244	1309
m_3246	2394
m_3248	2935
m_3253	1801
m_3255	1252
m_3259	1689
m_326	1303
m_3260	2205
m_3262	1800
m_3264	5871
m_3266	2205
m_3273	2602
m_3279	1917
m_328	2081
m_3280	1904
m_3282	2654
m_3284	2307
m_3286	1898
m_3288	8371
m_3291	1989
m_3293	1631
m_3295	1082
m_3297	1377
m_3299	1430
m_3301	1273
m_3303	1612
m_3305	1329
m_3309	1524
m_331	1477
m_3310	1788
m_3312	6915
m_3314	2248
m_3316	4777
m_3318	1407
m_3321	7573
m_3323	1202
m_3325	1997
m_3327	2017
m_3329	3639
m_333	1531
m_3330	1828
m_3334	1036
m_3338	5466
m_3341	1678
m_3343	1755
m_3345	2470
m_3347	1952
m_3349	2616
m_335	2196
m_3350	1719
m_3354	1746
m_3356	1609
m_3358	1240
m_3361	1932
m_3363	1832
m_3365	1943
m_3367	1927
m_3369	2523
m_337	1719
m_3370	1678
m_3372	1024
m_3374	6788
m_3376	6062
m_3378	1498
m_3381	1684
m_3383	1724
m_3385	1410
m_3387	2766
m_3389	1573
m_339	1595
m_3390	1751
m_3392	1608
m_3394	2304
m_3396	1292
m_3398	6959
m_34	1578
m_340	2450
m_3400	1534
m_3402	1053
m_3406	1526
m_3408	1867
m_3411	2160
m_3413	1275
m_3415	1872
m_3419	1257
m_3420	8482
m_3426	1623
m_3428	1784
m_3431	6364
m_3433	1608
m_3435	1670
m_3437	1374
m_3439	1426
m_344	8651
m_3440	1082
m_3442	1552
m_3444	1303
m_3446	1443
m_3448	8133
m_3451	2138
m_3453	1018
m_3455	8407
m_3457	1764
m_3459	1706
m_346	2667
m_3460	2111
m_3462	1719
m_3464	2244
m_3466	2162
m_3471	1779
m_3473	1409
m_3475	1148
m_3479	1897
m_348	1091
m_3480	1470
m_3482	1427
m_3484	2688
m_3486	2294
m_3488	8933
m_3493	1815
m_3495	1736
m_3497	1110
m_3501	5369
m_3503	5791
m_3505	5725
m_3507	7213
m_3509	2649
m_351	5692
m_3510	1632
m_3512	1877
m_3514	1551
m_3516	2819
m_3518	2540
m_3521	1350
m_3523	2367
m_3525	1105
m_3527	5886
m_3529	2840
m_353	2126
m_3530	1579
m_3534	1682
m_3536	5539
m_3538	8716
m_3541	2044
m_3543	1363
m_3545	2287
m_3549	6888
m_355	2107
m_3550	1516
m_3554	8191
m_3556	8035
m_3558	2134
m_3561	1173
m_3563	2396
m_3565	2075
m_3567	1569
m_3569	1860
m_357	1687
m_3570	1039
m_3572	1907
m_3574	6800
m_3576	1001
m_3578	1175
m_3581	2525
m_3583	5510
m_3585	1181
m_3587	2137
m_3589	7201
m_359	1137
m_3590	869
m_3592	8572
m_3594	8126
m_3596	1811
m_3598	1836
m_36	1563
m_360	2218
m_3600	1097
m_3602	1188
m_3604	1256
m_3608	6090
m_3611	1908
m_3613	1413
m_3615	1860
m_3617	1761
m_3619	1056
m_362	1204
m_3622	1035
m_3624	2241
m_3626	1425
m_3628	6606
m_3631	1757
m_3633	1797
m_3635	1595
m_3637	5380
m_3639	1559
m_364	1424
m_3640	2163
m_3642	1065
m_3644	1293
m_3646	1860
m_3648	1424
m_3653	1301
m_3655	1337
m_3657	1995
m_3659	6399
m_366	1631
m_3660	961
m_3664	2389
m_3666	4685
m_3668	2452
m_3671	1920
m_3673	1463
m_3675	8447
m_3677	1632
m_3679	2180
m_368	1868
m_3680	1231
m_3682	2102
m_3684	806
m_3686	1903
m_3688	1239
m_3691	7589
m_3693	1326
m_3695	1333
m_3697	5718
m_3699	7179
m_3701	2653
m_3703	1826
m_3705	1399
m_3707	1380
m_3709	1280
m_371	1368
m_3710	1074
m_3712	1868
m_3714	1711
m_3716	5861
m_3718	1913
m_3721	1240
m_3723	2123
m_3725	2336
m_3727	859
m_3729	5524
m_373	1776
m_3730	1354
m_3732	1848
m_3734	1937
m_3736	1405
m_3738	1089
m_3743	2235
m_3745	2237
m_3747	1589
m_3749	1255
m_375	1451
m_3750	2515
m_3752	7696
m_3754	2523
m_3756	2609
m_3758	2819
m_3761	2708
m_3763	1533
m_3765	2108
m_3767	3133
m_3769	1369
m_377	1330
m_3770	7603
m_3772	1221
m_3774	1751
m_3776	2409
m_3778	6944
m_3781	1471
m_3783	1652
m_3785	2274
m_3787	7582
m_3789	1416
m_379	1608
m_3790	1322
m_3792	1126
m_3794	2268
m_3796	5435
m_3798	2093
m_38	1704
m_380	1795
m_3800	1410
m_3802	1545
m_3804	2407
m_3806	8216
m_3808	2331
m_3811	6039
m_3813	8578
m_3815	1671
m_3817	1524
m_3819	2332
m_382	1934
m_3820	1749
m_3822	8131
m_3824	1783
m_3826	1505
m_3828	2556
m_3831	1819
m_3833	1846
m_3835	1302
m_3837	1541
m_3839	8554
m_384	1768
m_3840	8406
m_3842	2121
m_3844	7912
m_3846	1726
m_3851	7345
m_3853	2381
m_3855	6045
m_3857	1157
m_3859	5203
m_3860	2476
m_3862	1262
m_3864	2068
m_3866	1143
m_3868	1081
m_3873	1139
m_3875	3578
m_3877	2096
m_3879	4783
m_388	1279
m_3880	1718
m_3882	2028
m_3884	2067
m_3886	2127
m_3888	1130
m_3891	1807
m_3893	1781
m_3895	1432
m_3897	1805
m_3899	1677
m_3901	2034
m_3903	1110
m_3905	2276
m_3909	2710
m_391	2406
m_3910	2052
m_3912	2148
m_3914	2507
m_3916	2148
m_3918	974
m_3921	2194
m_3923	1489
m_3925	3776
m_3927	903
m_3929	4621
m_393	1129
m_3930	1345
m_3932	1985
m_3934	1795
m_3936	1820
m_3938	1498
m_3941	1598
m_3943	2500
m_3945	2277
m_3947	2122
m_3949	1094
m_395	1310
m_3950	2227
m_3952	1151
m_3954	2459
m_3956	2088
m_3958	1536
m_3961	1821
m_3963	2281
m_3965	1657
m_3967	4001
m_3969	1516
m_397	1429
m_3970	2238
m_3972	1545
m_3974	1712
m_3976	1674
m_3978	1316
m_3983	1617
m_3987	3622
m_3989	1246
m_399	2346
m_3990	1132
m_3992	2073
m_3994	7839
m_3996	1358
m_3998	7166
m_4001	6350
m_4003	6498
m_4005	1631
m_4007	5293
m_4009	1893
m_401	2520
m_4010	2082
m_4012	1978
m_4014	1669
m_4016	2463
m_4018	2196
m_4021	8364
m_4023	4608
m_4027	4600
m_4029	2216
m_403	1650
m_4030	2023
m_4032	1974
m_4034	1437
m_405	1910
m_407	7565
m_409	2084
m_41	3609
m_410	1755
m_412	1286
m_414	1064
m_416	1812
m_418	1404
m_421	1425
m_423	1441
m_425	1093
m_427	7816
m_429	1981
m_43	2126
m_430	1119
m_434	1838
m_436	1938
m_438	7824
m_441	2751
m_443	1234
m_445	1979
m_447	1783
m_449	2217
m_450	1631
m_452	1344
m_454	8866
m_456	1427
m_458	1760
m_461	2295
m_463	1942
m_465	972
m_467	2108
m_469	1406
m_47	1618
m_470	1095
m_472	1206
m_474	1851
m_476	8397
m_478	1282
m_481	1150
m_483	1684
m_485	1689
m_487	2054
m_489	2535
m_49	5149
m_490	1976
m_492	1640
m_494	5264
m_496	1626
m_498	1523
m_5	1541
m_50	1176
m_500	1633
m_502	2024
m_504	1076
m_506	1635
m_508	1833
m_511	987
m_513	7772
m_515	1145
m_517	1353
m_519	6931
m_52	1887
m_520	1223
m_522	1136
m_524	1743
m_526	1510
m_528	7297
m_531	5461
m_533	2265
m_535	1934
m_537	1768
m_539	1796
m_54	2419
m_540	1427
m_542	8698
m_544	1343
m_546	1556
m_548	1911
m_551	1719
m_553	2794
m_555	7375
m_557	1525
m_559	1284
m_56	1860
m_562	2571
m_564	1094
m_566	2035
m_568	6355
m_571	2205
m_573	1202
m_575	1805
m_577	1239
m_579	2102
m_58	1238
m_580	1060
m_582	1651
m_584	2039
m_586	2083
m_588	1391
m_591	1762
m_593	2534
m_595	1809
m_597	2289
m_599	1361
m_601	2088
m_603	1149
m_607	1033
m_609	1293
m_61	1446
m_610	6278
m_612	1878
m_616	1505
m_621	1463
m_625	1212
m_627	1267
m_629	912
m_63	1399
m_630	5908
m_632	1616
m_634	1850
m_638	1127
m_641	2071
m_643	6139
m_645	2007
m_647	1281
m_649	1499
m_65	1272
m_650	3447
m_652	1516
m_654	1362
m_656	2080
m_658	7917
m_661	2222
m_663	1787
m_665	1231
m_667	1288
m_669	867
m_670	6138
m_672	5283
m_674	2456
m_676	1826
m_678	8548
m_681	1488
m_683	7893
m_685	1291
m_687	1995
m_69	1683
m_690	2134
m_692	1529
m_694	1515
m_696	1312
m_698	966
m_7	1618
m_70	1682
m_700	2029
m_702	2849
m_704	1135
m_706	1441
m_708	5749
m_711	2164
m_713	2154
m_715	1452
m_717	2483
m_719	2299
m_72	1509
m_720	1669
m_722	980
m_724	2680
m_728	1018
m_731	2270
m_733	1837
m_735	1981
m_737	1076
m_739	1309
m_74	1738
m_742	1899
m_744	7016
m_746	1806
m_748	1623
m_751	2450
m_753	1101
m_755	5464
m_757	1075
m_759	7831
m_76	1789
m_760	2268
m_762	7711
m_764	1233
m_766	1553
m_768	7556
m_771	1856
m_773	2661
m_775	2022
m_777	2436
m_779	1981
m_780	2256
m_782	2414
m_786	1173
m_791	1074
m_793	2152
m_795	810
m_799	1100
m_801	2707
m_803	1641
m_805	6992
m_807	1351
m_809	1068
m_81	1501
m_810	2192
m_812	5809
m_814	1752
m_816	2279
m_818	1653
m_821	2245
m_823	1372
m_825	1994
m_827	1787
m_829	2127
m_83	1541
m_830	7141
m_832	2188
m_834	2199
m_838	2324
m_841	1426
m_843	6155
m_845	1540
m_847	1938
m_849	1690
m_85	2110
m_850	1673
m_852	1948
m_854	1634
m_856	1847
m_858	1780
m_861	1431
m_863	1011
m_865	3204
m_867	1821
m_869	1978
m_87	2044
m_870	1540
m_872	1644
m_874	1602
m_876	1042
m_878	1262
m_881	4547
m_883	5278
m_885	8458
m_887	7138
m_889	2299
m_89	1821
m_890	1685
m_892	2245
m_894	1399
m_896	1264
m_898	1790
m_9	2049
m_90	5931
m_900	1401
m_902	2108
m_904	2520
m_906	8045
m_911	2402
m_913	1986
m_915	1736
m_917	1989
m_919	1874
m_92	2915
m_920	2474
m_922	1564
m_926	1248
m_928	2031
m_931	1072
m_933	2296
m_935	1463
m_937	1091
m_939	1680
m_940	1106
m_942	1932
m_944	1489
m_948	5551
m_951	1079
m_953	2140
m_955	1908
m_959	6849
m_96	2161
m_960	3672
m_962	2050
m_964	1179
m_966	1492
m_968	1225
m_971	1531
m_973	1769
m_975	1490
m_977	8649
m_979	1364
m_98	1985
m_980	1970
m_984	7039
m_986	6375
m_988	1693
m_991	2225
m_993	1123
m_995	1167
m_997	1191
m_999	6574
m_1001	1141
m_1003	1087
m_1005	1132
m_1007	1524
m_1009	2171
m_101	4365
m_1010	1135
m_1012	8988
m_1014	2829
m_1016	1120
m_1018	1826
m_1021	2463
m_1023	5979
m_1025	1534
m_1027	1252
m_1029	1089
m_103	2321
m_1030	1263
m_1032	1391
m_1034	2021
m_1036	1210
m_1038	6400
m_1041	1027
m_1043	6449
m_1045	7509
m_1047	2054
m_1049	2193
m_105	6800
m_1050	1700
m_1052	1469
m_1054	2150
m_1056	2274
m_1058	1755
m_1061	1817
m_1063	2258
m_1065	1107
m_1067	2230
m_1069	1527
m_107	3956
m_1070	1987
m_1072	1120
m_1076	4500
m_1078	7192
m_1081	987
m_1083	1072
m_1085	1954
m_1087	1125
m_1089	1388
m_109	1789
m_1092	1397
m_1094	1842
m_1096	2236
m_1098	1681
m_11	2172
m_110	1638
m_1100	1152
m_1102	1603
m_1104	1513
m_1106	1481
m_1108	3371
m_1113	1909
m_1115	2505
m_1117	1671
m_1119	5789
m_112	2291
m_1122	1808
m_1126	1772
m_1128	1634
m_1131	1850
m_1133	1154
m_1135	1962
m_1137	1065
m_1139	1029
m_114	1796
m_1140	2076
m_1144	1220
m_1146	8292
m_1148	2654
m_1151	1087
m_1153	1872
m_1155	2060
m_1157	2560
m_1159	1358
m_116	1572
m_1160	938
m_1162	1792
m_1164	1721
m_1166	1657
m_1168	1684
m_1171	1675
m_1175	942
m_1177	1144
m_1179	1683
m_118	1965
m_1180	1148
m_1182	5395
m_1184	2072
m_1186	2286
m_1188	3783
m_1191	1283
m_1193	1646
m_1195	1326
m_1197	1595
m_1199	1886
m_1201	6794
m_1203	1323
m_1205	1853
m_1207	1185
m_1209	2197
m_1210	1090
m_1212	7138
m_1214	2016
m_1216	1445
m_1218	1283
m_1221	2400
m_1223	8911
m_1225	2223
m_1227	1142
m_1230	1482
m_1232	3508
m_1234	1603
m_1236	3256
m_1238	3797
m_1241	2351
m_1243	930
m_1245	1227
m_1247	1358
m_1249	2348
m_125	2044
m_1250	1699
m_1252	1922
m_1254	1810
m_1256	1985
m_1258	2533
m_1261	1724
m_1263	2478
m_1265	1809
m_1267	1890
m_1269	1372
m_127	1760
m_1270	2000
m_1272	1551
m_1274	1122
m_1278	1402
m_1281	7950
m_1283	1033
m_1285	2036
m_1287	1644
m_1289	1040
m_129	2994
m_1290	976
m_1292	1970
m_1294	2036
m_1296	1500
m_1298	8704
m_13	1939
m_130	2110
m_1300	2684
m_1302	1349
m_1304	1887
m_1308	982
m_1311	1103
m_1313	1599
m_1315	1413
m_1317	1711
m_1319	1204
m_132	1684
m_1320	2562
m_1322	971
m_1324	1872
m_1326	1916
m_1328	2325
m_1331	1196
m_1333	7032
m_1335	7170
m_1337	1656
m_1339	1619
m_134	1904
m_1340	3077
m_1342	1969
m_1344	2300
m_1346	3458
m_1348	1862
m_1351	2344
m_1353	1559
m_1355	8954
m_1357	1244
m_136	1076
m_1360	6383
m_1362	8807
m_1364	1406
m_1366	2369
m_1368	1925
m_1371	1509
m_1373	1805
m_1375	5732
m_1377	2074
m_1379	1995
m_138	1036
m_1380	3019
m_1382	1144
m_1384	1686
m_1386	958
m_1388	1710
m_1391	6486
m_1393	6963
m_1395	1802
m_1397	2023
m_1399	1462
m_1401	2456
m_1403	1782
m_1405	1678
m_1407	1826
m_1409	2266
m_141	1704
m_1410	1932
m_1412	1672
m_1414	1646
m_1416	1232
m_1418	1509
m_1421	1182
m_1425	1838
m_1427	1911
m_1429	835
m_143	1348
m_1430	1116
m_1432	1149
m_1434	6941
m_1436	5894
m_1438	1565
m_1441	1852
m_1443	1933
m_1445	2095
m_1447	2085
m_1449	2236
m_145	1771
m_1450	1892
m_1452	1083
m_1454	1092
m_1456	1865
m_1458	2266
m_1461	1595
m_1465	1412
m_1467	1464
m_1469	1387
m_147	2557
m_1470	2364
m_1472	7105
m_1476	1898
m_1478	3500
m_1481	2200
m_1485	1725
m_1489	1560
m_149	1837
m_1490	6124
m_1492	2447
m_1494	1881
m_1496	2807
m_1498	1521
m_15	6292
m_150	995
m_1500	936
m_1502	1825
m_1504	1791
m_1506	1590
m_1508	1845
m_1511	2196
m_1513	1636
m_1515	1025
m_1517	1884
m_1519	2148
m_152	1977
m_1520	1909
m_1522	1669
m_1524	2042
m_1526	989
m_1528	1356
m_1531	6112
m_1533	1734
m_1535	1372
m_1537	1342
m_1539	1624
m_154	1160
m_1540	1471
m_1542	2871
m_1544	1475
m_1546	7202
m_1548	1121
m_1551	1952
m_1553	1824
m_1555	2622
m_1557	1176
m_1559	1501
m_156	1650
m_1560	1938
m_1562	2303
m_1566	1516
m_1568	1183
m_1573	1658
m_1575	1384
m_1577	5204
m_1579	1271
m_158	1888
m_1580	1575
m_1582	2476
m_1584	2143
m_1586	2590
m_1588	2239
m_1591	7358
m_1593	1505
m_1595	975
m_1597	2213
m_1599	1537
m_1601	6817
m_1603	1211
m_1605	1837
m_1607	2403
m_1609	1179
m_161	2332
m_1610	8501
m_1612	1677
m_1614	2103
m_1616	6982
m_1618	2159
m_1621	979
m_1623	1719
m_1625	1538
m_1627	1998
m_1629	1303
m_163	1404
m_1630	1751
m_1632	1985
m_1634	2137
m_1636	1362
m_1638	1673
m_1641	1721
m_1643	2160
m_1645	1303
m_1647	2022
m_1649	1638
m_165	1975
m_1650	1759
m_1652	2150
m_1654	1796
m_1656	1743
m_1658	1239
m_1661	1535
m_1663	5149
m_1665	8813
m_1667	1682
m_1669	1664
m_167	1127
m_1670	1883
m_1672	1938
m_1674	2753
m_1676	1784
m_1678	1426
m_1681	1291
m_1683	3144
m_1685	1251
m_1687	1267
m_1689	7964
m_169	3199
m_1690	2015
m_1692	1715
m_1694	1304
m_1696	1691
m_1698	1848
m_17	2348
m_170	7426
m_1700	2057
m_1702	935
m_1704	1846
m_1708	1626
m_1711	2331
m_1713	2149
m_1715	1706
m_1717	4873
m_1719	2062
m_172	1819
m_1720	1626
m_1722	3221
m_1724	1492
m_1728	1933
m_1733	1358
m_1735	1663
m_1737	5399
m_1739	1971
m_174	1828
m_1740	1408
m_1742	1256
m_1744	3523
m_1746	1496
m_1748	5748
m_1751	5263
m_1753	1344
m_1755	2192
m_1757	2019
m_1759	1916
m_176	1266
m_1760	2025
m_1762	8560
m_1764	2245
m_1768	2265
m_1771	1792
m_1773	1511
m_1775	2284
m_1777	4652
m_1779	1624
m_178	1339
m_1780	1393
m_1782	2101
m_1784	1892
m_1786	1534
m_1788	1795
m_1791	1975
m_1793	2897
m_1795	2013
m_1797	1202
m_1799	1643
m_1801	1915
m_1803	2361
m_1805	6494
m_1809	2978
m_181	1018
m_1810	1857
m_1812	2054
m_1814	2076
m_1816	1968
m_1818	2037
m_1821	1947
m_1823	1556
m_1825	2483
m_1827	1994
m_1829	6221
m_183	2007
m_1830	1011
m_1832	1098
m_1836	2153
m_1838	1661
m_1841	3025
m_1843	1324
m_1845	1790
m_1847	2007
m_1849	6167
m_185	1841
m_1850	1294
m_1852	2153
m_1854	1614
m_1856	1533
m_1858	1850
m_1863	1514
m_1865	1538
m_1867	4435
m_1869	5282
m_187	1344
m_1870	980
m_1872	1472
m_1874	6899
m_1876	2031
m_1878	2117
m_1881	1746
m_1883	1652
m_1885	2124
m_1887	1501
m_1889	2396
m_1890	1748
m_1894	8136
m_1896	848
m_1898	1155
m_19	1940
m_190	2221
m_1900	1652
m_1902	1751
m_1904	1381
m_1906	1542
m_1908	1432
m_1911	7397
m_1913	1666
m_1917	1588
m_1919	2505
m_1920	1835
m_1922	1056
m_1924	7322
m_1926	2437
m_1928	2028
m_1931	1409
m_1935	2007
m_1937	1672
m_1939	5661
m_1940	1789
m_1942	1064
m_1944	2206
m_1948	6141
m_1951	5497
m_1953	1598
m_1955	1606
m_1957	2416
m_1959	1287
m_196	1586
m_1960	1520
m_1962	1566
m_1964	1020
m_1968	2327
m_1973	1786
m_1977	1956
m_1979	2058
m_1982	2536
m_1984	1486
m_1986	1998
m_1988	1163
m_1991	1441
m_1995	1238
m_1997	1805
m_1999	4867
m_2	2017
m_20	2256
m_200	2005
m_2000	944
m_2002	2303
m_2004	8756
m_2006	1273
m_2008	6294
m_2011	1836
m_2013	1628
m_2015	2324
m_2017	2026
m_2019	2356
m_202	1204
m_2020	1755
m_2022	2058
m_2024	8749
m_2026	2709
m_2028	2225
m_2031	3371
m_2033	1004
m_2035	1150
m_2037	2016
m_2039	850
m_204	8329
m_2040	8368
m_2042	2172
m_2044	1762
m_2046	1607
m_2048	7151
m_2051	1031
m_2053	1026
m_2055	2385
m_2057	2352
m_2059	948
m_206	2250
m_2060	953
m_2062	1711
m_2064	2439
m_2066	1840
m_2068	2040
m_2071	1907
m_2073	1451
m_2075	3061
m_2079	2322
m_208	926
m_2080	2739
m_2082	1417
m_2084	1285
m_2086	1456
m_2088	1073
m_2091	2434
m_2093	1186
m_2095	1819
m_2097	1178
m_2099	1442
m_2103	2265
m_2105	1729
m_2109	1624
m_211	2455
m_2110	2230
m_2114	1572
m_2116	1833
m_2118	1791
m_2121	2144
m_2125	2020
m_2127	1484
m_2129	4085
m_213	1662
m_2130	3150
m_2132	5185
m_2134	1763
m_2136	1626
m_2138	2202
m_2141	2423
m_2143	1316
m_2145	1657
m_2147	1787
m_215	2310
m_2150	2070
m_2152	3587
m_2154	2051
m_2156	2072
m_2163	5581
m_2165	5022
m_2169	7806
m_217	2537
m_2170	1006
m_2172	2115
m_2174	1386
m_2176	1195
m_2181	1469
m_2183	1845
m_2185	1459
m_2187	1514
m_2189	6579
m_219	2066
m_2190	1078
m_2192	1635
m_2194	6017
m_2196	5197
m_2198	1919
m_22	2822
m_220	1404
m_2200	2342
m_2202	2215
m_2204	3027
m_2206	6694
m_2208	1165
m_2211	1039
m_2213	1738
m_2215	1284
m_2217	1560
m_2219	1081
m_222	2297
m_2220	1709
m_2222	7769
m_2224	1107
m_2226	2305
m_2228	7727
m_2233	1107
m_2235	1368
m_2237	2255
m_2239	7381
m_224	6340
m_2240	1526
m_2242	1102
m_2244	2914
m_2246	1293
m_2248	1176
m_2253	8673
m_2255	1460
m_2257	1842
m_2259	1904
m_226	1977
m_2260	1099
m_2262	1111
m_2264	1386
m_2266	7413
m_2268	1286
m_2271	1614
m_2273	1964
m_2275	2130
m_2277	1874
m_2279	1235
m_228	1171
m_2280	1927
m_2282	1690
m_2284	2222
m_2286	1848
m_2288	7141
m_2291	1559
m_2293	1738
m_2295	2525
m_2297	1968
m_2299	2204
m_2301	2158
m_2303	1712
m_2305	1266
m_2309	1400
m_231	2289
m_2310	2233
m_2312	1104
m_2314	1532
m_2316	1336
m_2318	2428
m_2321	1086
m_2323	7191
m_2325	6487
m_2327	1671
m_2329	5361
m_233	1486
m_2330	1073
m_2332	1251
m_2334	1584
m_2336	2165
m_2338	2234
m_2341	6932
m_2343	8093
m_2345	1164
m_2347	2902
m_2349	2389
m_235	2321
m_2350	2643
m_2352	2369
m_2354	2088
m_2356	1395
m_2358	1095
m_2361	1553
m_2363	1858
m_2365	1297
m_2367	6446
m_237	1830
m_2370	1967
m_2372	2973
m_2374	6537
m_2376	1637
m_2378	6925
m_2381	1839
m_2383	2245
m_2385	1201
m_2387	8490
m_2389	1771
m_239	1750
m_2390	2094
m_2392	2212
m_2396	1968
m_2398	1456
m_24	1619
m_240	1520
m_2400	2160
m_2404	2176
m_2406	6083
m_2408	1761
m_2411	1006
m_2413	2273
m_2415	3314
m_2417	2017
m_2419	1482
m_242	2141
m_2420	1706
m_2422	988
m_2424	2032
m_2426	2063
m_2428	1677
m_2431	1663
m_2433	1255
m_2435	1799
m_2437	1758
m_2439	2333
m_244	1328
m_2440	2187
m_2442	1438
m_2444	1738
m_2446	1650
m_2448	2096
m_2451	1538
m_2453	1329
m_2455	6450
m_2457	1395
m_246	1160
m_2460	2379
m_2462	2426
m_2464	1730
m_2466	2320
m_2468	1704
m_2471	1823
m_2473	2403
m_2475	2475
m_2477	1453
m_2479	1132
m_248	6521
m_2482	1465
m_2484	1301
m_2486	1536
m_2488	1527
m_2491	7720
m_2493	2299
m_2495	6849
m_2497	2230
m_2499	6125
m_2501	2295
m_2503	1152
m_2505	1640
m_2507	2096
m_2509	1760
m_251	1322
m_2510	1229
m_2512	1670
m_2514	1441
m_2516	6343
m_2518	1987
m_2521	1626
m_2523	2018
m_2525	1726
m_2527	1691
m_2529	2690
m_253	2130
m_2530	2152
m_2532	1557
m_2534	2011
m_2536	1304
m_2541	932
m_2543	2242
m_2545	1432
m_2547	1555
m_2549	1099
m_2550	2668
m_2552	2492
m_2554	2845
m_2556	1234
m_2558	3390
m_2561	1934
m_2563	1793
m_2565	1771
m_2567	7773
m_2569	2211
m_257	1793
m_2570	1833
m_2572	6826
m_2574	1450
m_2576	1687
m_2578	1140
m_2581	1808
m_2583	982
m_2585	2145
m_2587	2064
m_2589	5627
m_259	2138
m_2590	1818
m_2592	1591
m_2594	1942
m_2596	1371
m_26	1867
m_260	8892
m_2600	2006
m_2602	6919
m_2604	2293
m_2606	1592
m_2608	2162
m_2611	1623
m_2613	2722
m_2615	1809
m_2617	1723
m_2619	1636
m_262	2189
m_2622	7085
m_2624	1567
m_2626	1255
m_2628	1665
m_2631	2656
m_2633	1188
m_2635	3406
m_2637	2093
m_2639	6374
m_264	1764
m_2640	1928
m_2642	2403
m_2644	1877
m_2648	1883
m_2651	1806
m_2653	6985
m_2655	2885
m_2657	1258
m_2659	2225
m_266	1614
m_2660	1861
m_2662	2395
m_2664	1604
m_2666	1201
m_2668	2818
m_2671	2086
m_2673	1806
m_2675	2401
m_2677	1899
m_2679	1977
m_268	1921
m_2680	1588
m_2682	2066
m_2684	1158
m_2686	1310
m_2688	1212
m_2691	1231
m_2693	1858
m_2695	1650
m_2697	2277
m_2699	1735
m_2701	1069
m_2703	6637
m_2705	1977
m_2707	3507
m_2709	1543
m_271	7252
m_2710	1391
m_2712	4085
m_2714	1557
m_2716	1153
m_2718	1139
m_2721	1149
m_2723	2185
m_2725	2031
m_2727	1821
m_2729	3721
m_273	2329
m_2730	2237
m_2732	1023
m_2736	8585
m_2738	1561
m_2741	1377
m_2743	1606
m_2745	2357
m_2747	1969
m_2749	1351
m_2750	2362
m_2752	1971
m_2754	1377
m_2756	1907
m_2758	1103
m_2761	8634
m_2765	1788
m_2767	1648
m_2769	1939
m_277	1919
m_2770	2956
m_2772	1820
m_2774	2071
m_2776	1845
m_2778	2412
m_2781	2002
m_2783	8800
m_2785	2414
m_2787	1003
m_2789	1885
m_279	2609
m_2790	1805
m_2792	1989
m_2794	2063
m_2796	1762
m_2798	1106
m_28	2067
m_280	1412
m_2800	1566
m_2802	1575
m_2804	932
m_2806	1991
m_2808	8114
m_2811	1398
m_2813	1087
m_2815	7993
m_2817	7162
m_2819	1424
m_282	1423
m_2820	1367
m_2822	1287
m_2824	1144
m_2826	6382
m_2828	2255
m_2831	2282
m_2833	3133
m_2835	1672
m_2837	2307
m_2839	1347
m_284	1997
m_2840	8876
m_2842	3373
m_2844	1884
m_2846	2025
m_2848	2565
m_2851	2128
m_2853	1933
m_2855	8464
m_2857	1022
m_2859	1567
m_286	1796
m_2860	1315
m_2862	1859
m_2864	5899
m_2866	2341
m_2868	2103
m_2871	1416
m_2873	8892
m_2875	3379
m_2877	2496
m_2879	1036
m_288	1271
m_2880	1955
m_2882	2856
m_2884	8394
m_2886	1861
m_2891	1959
m_2893	1232
m_2895	2001
m_2897	6861
m_2899	1612
m_2901	1959
m_2903	1181
m_2905	1134
m_2907	1305
m_2909	8380
m_291	1990
m_2910	2079
m_2912	1295
m_2914	8556
m_2916	1295
m_2918	1965
m_2921	1470
m_2923	2256
m_2925	1572
m_2927	1545
m_2929	2678
m_293	3817
m_2930	5942
m_2932	2183
m_2934	1380
m_2936	1586
m_2938	1676
m_2941	3210
m_2943	3600
m_2945	2319
m_2947	1054
m_2949	1987
m_295	2414
m_2950	8230
m_2952	2093
m_2954	1264
m_2956	2327
m_2961	1559
m_2963	1598
m_2965	1724
m_2967	1074
m_2969	8231
m_2972	1246
m_2974	1607
m_2976	2396
m_2978	2145
m_2981	1338
m_2983	1346
m_2985	1549
m_2987	1834
m_2989	2222
m_299	2103
m_2990	1658
m_2994	1954
m_2996	1586
m_2998	1591
m_3001	1883
m_3003	6572
m_3005	2344
m_3007	2477
m_3009	3667
m_301	2256
m_3010	7792
m_3012	2079
m_3014	3148
m_3016	3053
m_3018	1710
m_3021	2116
m_3023	2521
m_3025	1710
m_3027	1273
m_3029	2165
m_303	1873
m_3030	1720
m_3032	1308
m_3034	2386
m_3036	1461
m_3038	1116
m_3041	2115
m_3043	1048
m_3045	2412
m_3049	2398
m_305	2201
m_3050	1268
m_3052	1561
m_3056	1692
m_3058	6646
m_3061	1568
m_3063	1239
m_3065	1551
m_3067	5318
m_3069	1765
m_307	5367
m_3072	1095
m_3074	1218
m_3076	1939
m_3078	1133
m_3081	2489
m_3083	4962
m_3085	1497
m_3087	2388
m_3089	2453
m_309	2498
m_3090	1199
m_3092	1016
m_3094	1741
m_3096	2251
m_3098	1236
m_31	2298
m_310	1350
m_3100	1404
m_3102	1874
m_3104	2575
m_3106	1675
m_3108	1231
m_3111	1750
m_3113	2295
m_3115	1112
m_3117	2170
m_3119	7056
m_312	2734
m_3120	3318
m_3122	2072
m_3124	1209
m_3126	6948
m_3128	2259
m_3131	2230
m_3133	1503
m_3135	1794
m_3137	980
m_3139	1847
m_314	2050
m_3140	1987
m_3142	2594
m_3144	2445
m_3146	1396
m_3148	1305
m_3151	1371
m_3153	910
m_3155	2519
m_3157	1033
m_3159	6921
m_316	1146
m_3162	6824
m_3164	1367
m_3166	1159
m_3168	1158
m_3171	1494
m_3173	1488
m_3175	2458
m_3177	1913
m_3179	1697
m_318	2116
m_3180	1951
m_3182	1184
m_3184	1617
m_3186	1613
m_3188	1858
m_3191	8745
m_3193	1056
m_3195	1992
m_3197	1905
m_3199	1820
m_3201	1540
m_3203	1593
m_3205	1658
m_3209	1431
m_321	1070
m_3210	1298
m_3212	2300
m_3214	1720
m_3216	5264
m_3218	1811
m_3221	1289
m_3223	1490
m_3225	2397
m_3227	1430
m_3229	2394
m_323	1786
m_3230	2156
m_3232	1838
m_3234	1341
m_3236	1854
m_3238	1698
m_3241	1399
m_3243	1005
m_3245	1113
m_3247	1556
m_3249	1560
m_325	1920
m_3250	1719
m_3252	1457
m_3254	1710
m_3256	1171
m_3258	991
m_3261	1132
m_3263	1660
m_3265	2121
m_3267	1117
m_3269	2148
m_327	6559
m_3270	1505
m_3272	1923
m_3274	2383
m_3276	1155
m_3278	6641
m_3281	6665
m_3283	1621
m_3285	1007
m_3287	1466
m_3289	2239
m_329	1374
m_3290	1295
m_3292	7833
m_3294	940
m_3296	1944
m_3298	1441
m_33	5157
m_330	3091
m_3300	1143
m_3302	3476
m_3304	1001
m_3308	1118
m_3311	2288
m_3313	1542
m_3315	2184
m_3317	1397
m_3319	2084
m_332	1489
m_3320	1131
m_3322	1835
m_3324	2421
m_3326	1550
m_3328	1207
m_3331	7377
m_3333	8422
m_3335	1789
m_3337	1957
m_3339	2058
m_334	1836
m_3340	1777
m_3342	1368
m_3346	1607
m_3348	1205
m_3351	1978
m_3353	2371
m_3355	7844
m_3357	2174
m_3359	883
m_336	7717
m_3360	1029
m_3362	2089
m_3364	5816
m_3366	2239
m_3368	1478
m_3371	1596
m_3373	2031
m_3375	2443
m_3377	1371
m_338	2124
m_3380	1788
m_3382	1599
m_3384	1026
m_3386	2665
m_3388	1822
m_3391	1259
m_3395	1008
m_3397	1030
m_3399	8275
m_3401	2263
m_3403	1491
m_3405	1965
m_3407	2408
m_341	1654
m_3410	1393
m_3412	1037
m_3414	2397
m_3416	2442
m_3418	944
m_3421	3852
m_3423	2145
m_3425	2504
m_3427	2232
m_3429	1180
m_343	1072
m_3430	1343
m_3434	2338
m_3436	1983
m_3438	1298
m_3441	2171
m_3443	1594
m_3445	1875
m_3447	2133
m_3449	8948
m_345	1357
m_3450	1373
m_3452	2450
m_3454	1047
m_3456	1072
m_3458	1664
m_3461	1409
m_3463	1462
m_3465	1072
m_3467	1564
m_3469	1910
m_347	1621
m_3470	2514
m_3472	3730
m_3474	1015
m_3476	3495
m_3478	1598
m_3481	1854
m_3483	7104
m_3485	1163
m_3489	2069
m_349	8205
m_3490	2106
m_3492	2029
m_3494	1139
m_3496	2460
m_3498	5921
m_35	2284
m_350	1117
m_3500	2291
m_3502	1411
m_3504	1830
m_3506	2197
m_3508	2032
m_3511	1774
m_3513	5387
m_3515	1368
m_3517	6936
m_3519	2125
m_352	1189
m_3520	2164
m_3522	1690
m_3526	1094
m_3528	1421
m_3531	1738
m_3533	1879
m_3535	1695
m_3539	201
m_354	1699
m_3540	2406
m_3542	2009
m_3544	6204
m_3546	1826
m_3548	1833
m_3551	1135
m_3553	1014
m_3557	1610
m_3559	1896
m_356	1406
m_3560	1759
m_3562	1191
m_3564	2212
m_3566	1140
m_3568	2153
m_3571	2046
m_3573	941
m_3575	982
m_3577	2170
m_3579	3872
m_358	6369
m_3580	2099
m_3582	6229
m_3584	5606
m_3586	8177
m_3588	1591
m_3591	2198
m_3595	2216
m_3597	1631
m_3599	8496
m_3601	4199
m_3605	2210
m_3607	5890
m_3609	2016
m_361	2195
m_3610	2585
m_3614	2312
m_3616	1903
m_3618	1960
m_3621	2335
m_3623	2442
m_3625	986
m_3627	1134
m_3629	2226
m_363	2321
m_3630	8887
m_3632	1237
m_3634	1082
m_3636	1521
m_3638	1372
m_3641	7627
m_3643	1567
m_3645	4558
m_3647	1588
m_3649	1916
m_365	1021
m_3650	1547
m_3652	2015
m_3654	1824
m_3656	1401
m_3658	1228
m_3661	1843
m_3663	1881
m_3665	2485
m_3667	2179
m_3669	2175
m_367	973
m_3670	1926
m_3672	2044
m_3674	1759
m_3676	1126
m_3678	1157
m_3681	1544
m_3683	1026
m_3685	1023
m_3687	1791
m_3689	6037
m_369	1674
m_3690	1782
m_3692	1565
m_3694	1727
m_37	1889
m_370	1941
m_3700	2552
m_3702	2152
m_3704	1440
m_3706	1408
m_3708	7042
m_3711	1914
m_3713	1725
m_3715	1634
m_3717	2084
m_3719	6709
m_372	1728
m_3720	1954
m_3722	1800
m_3724	1486
m_3726	1219
m_3728	2663
m_3731	7828
m_3733	1333
m_3735	2842
m_3737	4492
m_3739	1915
m_3740	2230
m_3742	2344
m_3744	2147
m_3746	2314
m_3748	6879
m_3751	1947
m_3753	2576
m_3755	1578
m_3757	1721
m_3759	1945
m_376	1279
m_3760	866
m_3764	2182
m_3766	2119
m_3768	1847
m_3771	1199
m_3773	1713
m_3775	5896
m_3777	2468
m_3779	2418
m_378	1097
m_3780	2027
m_3782	2177
m_3784	5825
m_3786	1779
m_3791	2477
m_3793	1679
m_3795	2201
m_3797	1116
m_3799	1505
m_3801	3217
m_3803	5934
m_3805	1727
m_3807	1767
m_3809	1951
m_381	2168
m_3810	1894
m_3812	1277
m_3814	1114
m_3816	1679
m_3818	1851
m_3821	1201
m_3823	1527
m_3825	1725
m_3827	1874
m_3829	2256
m_383	2220
m_3830	1821
m_3832	1576
m_3834	1926
m_3836	1929
m_3838	1857
m_3841	9192
m_3843	1735
m_3845	4280
m_3847	2831
m_3849	1069
m_385	2150
m_3850	1224
m_3852	1574
m_3856	1652
m_3861	2790
m_3863	1024
m_3867	2136
m_3869	1751
m_387	7070
m_3870	2082
m_3874	2947
m_3876	2176
m_3881	1540
m_3883	8330
m_3885	1015
m_3887	6825
m_3889	1826
m_389	1577
m_3890	1845
m_3892	897
m_3894	1421
m_3896	1457
m_3898	1186
m_39	1043
m_3900	8483
m_3902	1380
m_3904	1226
m_3908	1531
m_3911	1513
m_3913	8243
m_3915	2154
m_3917	1467
m_3919	1607
m_392	3073
m_3920	3314
m_3922	1835
m_3924	2843
m_3926	1746
m_3928	2057
m_3931	2058
m_3933	1017
m_3935	2085
m_3937	2085
m_3939	1062
m_394	1392
m_3940	1354
m_3942	1352
m_3944	1649
m_3946	2122
m_3948	1735
m_3951	1845
m_3953	1280
m_3955	8948
m_3957	2874
m_3959	2884
m_396	1097
m_3960	1547
m_3962	2339
m_3964	4025
m_3966	2208
m_3968	1643
m_3971	1070
m_3973	8498
m_3975	1640
m_3977	2036
m_3979	1966
m_398	1021
m_3980	1870
m_3982	2120
m_3984	1148
m_3986	7281
m_3988	8339
m_3991	1551
m_3993	1641
m_3995	2604
m_3997	1178
m_3999	1255
m_4	1034
m_40	2094
m_400	8642
m_4000	1136
m_4002	1093
m_4004	1299
m_4006	5176
m_4008	1114
m_4011	1984
m_4013	1581
m_4015	1999
m_4017	1660
m_4019	1440
m_402	2854
m_4020	5425
m_4022	3035
m_4024	849
m_4026	1507
m_4028	1115
m_4031	1082
m_4033	2108
m_404	1064
m_406	1626
m_408	6109
m_411	1721
m_415	1596
m_417	1594
m_419	2143
m_42	7976
m_420	910
m_422	2261
m_424	922
m_426	4676
m_428	6641
m_431	3438
m_435	1116
m_437	1531
m_439	1510
m_44	1797
m_440	1458
m_442	1153
m_444	1328
m_446	2155
m_448	8467
m_451	5688
m_453	4667
m_457	1924
m_459	1609
m_46	1560
m_460	1729
m_462	1896
m_464	8412
m_468	7651
m_471	1193
m_473	1014
m_477	1459
m_479	1306
m_48	1960
m_480	1009
m_482	1604
m_484	2121
m_486	1339
m_488	7184
m_491	1845
m_493	1894
m_495	1769
m_497	1676
m_499	2334
m_501	1541
m_503	1750
m_505	1841
m_509	1066
m_51	1621
m_510	1932
m_512	6313
m_514	2147
m_516	3467
m_518	1960
m_521	3531
m_523	2362
m_525	2083
m_527	8305
m_529	1230
m_53	2056
m_530	1868
m_532	2311
m_534	1465
m_536	1331
m_538	2492
m_541	1662
m_545	1027
m_547	7493
m_549	2203
m_55	1044
m_550	1757
m_552	1222
m_554	1309
m_558	4335
m_561	2009
m_563	8732
m_565	6504
m_567	2108
m_569	2703
m_57	1857
m_570	1660
m_572	1761
m_574	1018
m_576	1352
m_578	1029
m_581	2268
m_583	1906
m_585	2225
m_587	2213
m_589	7798
m_59	1436
m_590	1454
m_592	1349
m_594	1886
m_596	7974
m_598	1876
m_6	2210
m_60	1930
m_600	2924
m_602	6503
m_604	2155
m_606	1099
m_608	1169
m_611	2259
m_613	1462
m_615	1116
m_617	7530
m_619	1294
m_62	5381
m_622	1188
m_624	1712
m_626	5137
m_628	1591
m_631	2142
m_635	2248
m_637	3989
m_639	1670
m_64	2121
m_640	1525
m_642	2049
m_644	1388
m_646	1596
m_648	2613
m_651	1794
m_653	1564
m_655	1841
m_657	2018
m_659	1254
m_66	2165
m_660	6138
m_662	1574
m_664	1447
m_666	8281
m_668	1472
m_671	2061
m_673	5682
m_675	1661
m_677	2358
m_679	1796
m_68	2013
m_680	1550
m_682	2324
m_684	5721
m_686	1549
m_688	1141
m_691	2552
m_693	2407
m_697	7497
m_699	1873
m_701	1551
m_703	5744
m_705	1884
m_707	2032
m_71	2321
m_710	5070
m_712	2885
m_714	2058
m_716	5298
m_718	1983
m_721	2032
m_723	2145
m_725	1422
m_727	1316
m_729	1089
m_73	1672
m_730	1235
m_734	1320
m_736	1148
m_738	1967
m_741	1564
m_743	1466
m_745	1945
m_747	3709
m_749	1326
m_75	2566
m_750	1538
m_752	1750
m_754	1394
m_756	3659
m_758	3767
m_761	1315
m_763	6611
m_765	1166
m_767	1223
m_769	4395
m_77	1201
m_770	1669
m_772	1902
m_774	2775
m_776	8531
m_778	1541
m_781	6670
m_783	2050
m_785	2508
m_787	1821
m_789	2054
m_79	1825
m_790	1130
m_792	1211
m_794	1748
m_796	979
m_798	1299
m_8	1215
m_80	1817
m_800	1724
m_802	2209
m_804	4201
m_806	1144
m_808	924
m_811	1192
m_813	1409
m_815	1413
m_817	2202
m_819	1162
m_82	1875
m_820	1573
m_822	1544
m_824	1392
m_826	1212
m_828	1789
m_831	1554
m_833	2301
m_835	1727
m_837	1147
m_839	7130
m_84	2072
m_840	1833
m_842	2133
m_844	1241
m_846	1256
m_848	6558
m_851	880
m_853	1494
m_855	8754
m_859	1992
m_86	5492
m_860	2609
m_862	1374
m_864	2028
m_866	1907
m_868	1156
m_871	1249
m_873	1495
m_875	5673
m_877	2013
m_879	1956
m_88	6486
m_880	3634
m_882	2730
m_884	1093
m_886	5342
m_888	1956
m_891	1908
m_895	1172
m_897	1224
m_899	1496
m_901	1184
m_903	1426
m_907	7664
m_909	1974
m_91	1531
m_910	3166
m_912	1975
m_914	7480
m_916	2794
m_918	2322
m_921	2413
m_923	1775
m_925	3132
m_927	4795
m_93	1237
m_930	2187
m_932	1005
m_934	1399
m_936	1093
m_938	2721
m_941	2690
m_943	2002
m_945	1514
m_947	1837
m_949	1953
m_952	1843
m_954	8034
m_956	1324
m_961	1675
m_963	1670
m_965	2033
m_967	1039
m_969	1074
m_97	1111
m_970	1567
m_972	5311
m_974	2065
m_976	1780
m_978	1934
m_981	1070
m_983	1180
m_985	2325
m_987	1505
m_989	1545
m_99	2053
m_992	1533
m_994	1386
m_996	1897
m_998	2476
